#Thu Jun 25 12:06:54 2026
# Copy file into sbs-onl@sbsvtp#:~/cfg/pedestals for online pedestal subtraction
# format = APV        crate       slot       mpd_id       adc_ch followed by
# APV channel number      pedestal mean      pedestal rms
APV                2              13               5               0
               0           166.4           38.15
               1          -30.33           31.35
               2          -13.19           28.46
               3          -74.51           30.12
               4          -150.2           10.94
               5          -78.54           6.991
               6          -18.94            6.04
               7           11.23           4.642
               8          -64.85            4.14
               9          -21.42           4.468
              10           27.58           4.371
              11           4.866           4.278
              12          -63.71           4.371
              13          -29.91           4.194
              14           23.65           4.333
              15           54.26           4.327
              16          -18.76           4.516
              17          -33.76           4.144
              18           16.84           4.811
              19           12.92           4.251
              20          -49.38           4.383
              21          -24.48           4.253
              22           25.91           4.289
              23           28.63           4.127
              24          -34.86           4.222
              25           -21.6           4.275
              26           11.34           4.128
              27           39.11           4.254
              28          -44.34           4.101
              29          -10.79             4.4
              30           37.23           4.194
              31           52.76            4.28
              32          -32.18            4.46
              33          -25.77            4.45
              34           9.459           4.345
              35           31.66           4.544
              36           -57.4           4.347
              37          -28.85           4.283
              38            27.4           4.428
              39           41.05           4.543
              40          -37.15           4.392
              41          -17.78           4.401
              42           18.35           4.721
              43           54.66           4.677
              44          -53.75           4.434
              45          -10.07           4.612
              46           42.24           4.447
              47           93.67           5.077
              48          -30.73           4.222
              49          -33.74           3.976
              50           14.94           4.538
              51           26.91           4.182
              52          -53.22           4.128
              53          -38.47           4.049
              54            26.4           4.226
              55           33.73           4.057
              56          -49.74           4.043
              57          -33.71           4.102
              58           33.24           4.179
              59           41.58           4.178
              60          -44.33           3.865
              61            1.91           4.384
              62           32.53           3.903
              63           73.77           5.202
              64          -41.35           5.205
              65           -29.6           4.128
              66           32.42           4.728
              67           35.11           4.413
              68          -51.29           4.247
              69          -11.68           4.271
              70           19.21           4.547
              71           12.78            4.51
              72           -38.1           4.296
              73          -11.81           4.253
              74           11.57           4.311
              75           41.77           4.369
              76          -27.82           4.136
              77           5.324           4.327
              78           30.23           4.279
              79           79.61           4.761
              80          -40.76           4.275
              81          -44.87           4.011
              82           12.77           4.295
              83           25.47           4.187
              84          -57.77           4.368
              85          -39.56           4.091
              86           28.55           4.272
              87           27.25           4.075
              88             -31           4.145
              89          -21.05           4.179
              90           22.34           4.166
              91           55.94           4.229
              92          -37.44           3.985
              93           0.361           4.315
              94            22.2           4.365
              95           107.1            4.61
              96          -41.56           4.279
              97           -38.6            4.21
              98           33.96           5.019
              99           38.34           4.784
             100          -50.21           4.286
             101          -26.64            4.39
             102           33.15           4.607
             103           49.93           4.506
             104          -57.31            4.29
             105          -14.99           4.772
             106           25.52           4.489
             107           33.66           4.597
             108          -65.14           4.118
             109          -6.309           4.717
             110           44.57           4.575
             111           111.9           5.173
             112          -33.75            4.17
             113          -40.69           3.857
             114           29.97           4.174
             115            24.9           4.108
             116          -67.22           4.075
             117          -23.87           3.835
             118           16.52           3.984
             119           24.16           4.037
             120          -42.19            4.05
             121           -16.5           4.041
             122           23.17           3.975
             123           58.89           4.228
             124          -48.39           3.843
             125          -6.193           4.092
             126           25.56           3.966
             127           134.4            5.38
APV                2              13               5               1
               0           162.1           32.95
               1          -16.84           26.87
               2          -14.79           23.81
               3          -50.02           25.39
               4          -131.4           9.631
               5          -72.48           6.471
               6           -6.66           5.848
               7            30.2           4.741
               8          -60.91           4.212
               9          -41.78           4.686
              10          0.9177           4.403
              11           39.48           6.676
              12          -49.21           4.544
              13          -12.94           4.424
              14           46.78           4.555
              15           39.62            4.47
              16          -19.74           4.582
              17           -41.7           4.286
              18          -15.05            4.74
              19           18.09           4.428
              20          -61.66           4.437
              21          -30.14           4.361
              22           7.642           4.285
              23            50.8           4.226
              24          -41.21           4.401
              25          -28.02           4.457
              26           22.65           4.251
              27           45.95            4.43
              28          -42.21           4.268
              29          -9.555           4.601
              30           16.91           4.223
              31           48.28           4.448
              32          -30.81           4.543
              33          -20.47           4.631
              34           17.73           4.427
              35           25.95           4.662
              36          -57.81           4.459
              37          -40.15           4.434
              38           1.668            4.45
              39           36.04           4.707
              40          -54.62           4.558
              41          -22.61           4.579
              42           20.55           4.851
              43           53.17           4.883
              44           -42.1           4.543
              45          -10.03           4.967
              46           13.35           4.536
              47           61.53            5.17
              48          -25.51           4.366
              49          -23.35           4.271
              50         -0.3676           4.477
              51           41.92           4.287
              52          -59.94           4.206
              53          -36.95           4.211
              54           12.13           4.269
              55           32.69           6.173
              56          -37.99           4.315
              57          -16.12           4.261
              58           14.72           4.214
              59           51.96           4.433
              60          -25.76           4.064
              61          -22.23           4.374
              62           46.01           4.043
              63           81.58           5.247
              64          -31.55           4.542
              65          -42.03           4.301
              66          -10.99           4.661
              67           29.06           4.542
              68          -51.53           4.317
              69           -31.8           4.419
              70           17.17           4.699
              71           59.54           4.759
              72          -43.63           4.287
              73          -37.24           4.461
              74           7.625           4.444
              75           58.93           4.573
              76          -48.34           4.223
              77           -15.5           4.482
              78           26.59            4.42
              79           89.99            4.88
              80           -23.2           4.387
              81           -15.9           4.247
              82           15.78            4.34
              83           27.33           4.276
              84          -34.26           4.491
              85          -28.08           4.289
              86           18.93           4.238
              87           57.81           4.223
              88          -33.57           4.282
              89          -6.061           4.397
              90           35.99           4.185
              91           46.96           4.383
              92          -47.64           4.131
              93          -15.81           4.469
              94           31.15           4.404
              95            88.3           4.752
              96          -27.95           4.444
              97          -33.44           4.403
              98          -2.055           5.006
              99            49.1           4.905
             100          -55.69           4.338
             101          -20.98           4.519
             102           14.64           4.635
             103           51.07             5.2
             104          -49.52           4.502
             105          -12.32           5.002
             106           17.45           4.567
             107           56.52           4.853
             108          -25.17           4.324
             109          -14.61           4.894
             110           31.69           4.722
             111           131.4           5.202
             112          -31.67           4.287
             113          -38.49           4.051
             114           7.399           4.214
             115           44.65           4.264
             116          -49.48           4.203
             117          -30.36           4.011
             118           14.12           4.076
             119           30.49            4.13
             120          -57.95           4.191
             121          -35.42           4.149
             122           22.12           4.004
             123           54.55           4.389
             124          -41.51           4.012
             125           -19.5           4.218
             126           45.88           4.038
             127           114.2           5.313
APV                2              13               5               2
               0           76.24           31.48
               1          -21.98            25.7
               2          -36.63           22.46
               3          -69.25           22.42
               4          -115.5           9.124
               5          -49.96           6.253
               6          -25.22           5.549
               7            21.4           4.285
               8          -39.49           4.089
               9          -28.52           4.371
              10            13.3           4.162
              11           35.98           4.154
              12          -46.48           4.272
              13          -18.89           4.105
              14           25.08           4.165
              15           41.21           4.186
              16          -45.17           4.337
              17          -23.68           4.057
              18          -27.24           4.331
              19           38.08            4.13
              20          -40.54           4.302
              21          -16.87           4.121
              22           1.109           4.043
              23           47.08           3.969
              24          -38.71           4.174
              25          -18.11           4.157
              26           20.17           3.948
              27           51.61           4.176
              28          -22.79           4.142
              29          -1.373           4.198
              30           16.19           3.927
              31            40.4            4.16
              32          -41.35           4.354
              33          -21.62           4.272
              34           2.492           4.195
              35           56.51           4.315
              36           -43.3           4.262
              37          -22.87           4.124
              38           25.18           4.286
              39           72.25           4.324
              40           -29.8            4.29
              41           10.18           4.412
              42           25.64           4.454
              43           50.15           4.444
              44          -35.15           4.272
              45           8.274           4.502
              46           27.14           4.234
              47           43.81           4.706
              48          -58.05           4.107
              49          -20.13           3.961
              50           2.686           4.198
              51           13.43           4.006
              52          -27.43           4.023
              53          -20.65           3.913
              54           5.329           3.968
              55           48.73           3.955
              56             -50            4.03
              57          -6.196           3.944
              58           22.75           4.017
              59           49.19           4.127
              60          -32.99           3.869
              61          -20.25           4.054
              62           28.76           3.771
              63           58.71           4.783
              64          -31.65           4.362
              65          -28.67           4.033
              66           13.49           4.309
              67           29.32           4.127
              68          -43.86           4.209
              69          -5.633           4.147
              70           7.209           4.356
              71           29.03           4.243
              72          -46.55           4.139
              73         -0.9832           4.153
              74           23.07           4.146
              75           45.23           4.143
              76          -17.21           4.035
              77          -10.45           4.158
              78           29.39           4.104
              79           58.61           4.479
              80          -58.68           4.241
              81          -25.28           4.021
              82          -2.998           4.061
              83           40.92           4.033
              84          -38.34           4.296
              85          -6.284           4.041
              86           17.03           3.948
              87            34.2           3.985
              88          -49.01            4.07
              89          -18.65           4.015
              90           2.949             3.9
              91           40.95           4.087
              92          -47.99            3.92
              93          -19.12           4.074
              94           28.93           4.044
              95           50.83           4.369
              96           -61.7           4.146
              97          -10.14            4.13
              98           3.611           4.637
              99           29.87           4.489
             100          -54.74            4.14
             101          -20.26           4.319
             102           22.66           4.403
             103           49.44           4.292
             104          -53.06           4.135
             105          -1.509           4.616
             106              36           4.271
             107            43.1           4.423
             108          -11.13           4.101
             109         -0.4321           4.532
             110           34.82            4.37
             111           68.97           4.743
             112          -47.38           4.094
             113          -16.45           3.853
             114           15.14           3.916
             115           45.08           3.993
             116          -54.28           3.983
             117           2.565           3.761
             118          -8.342           3.785
             119           30.54           3.895
             120          -31.59           4.041
             121           21.99           3.897
             122           32.09           3.786
             123           26.37           4.115
             124          -33.13           3.812
             125           1.048           3.868
             126           27.69           3.848
             127           51.35           4.959
APV                2              13               5               3
               0           68.55           32.38
               1          -23.41           26.18
               2          -30.23           23.01
               3            -101           21.09
               4          -102.9           9.228
               5          -59.27           6.178
               6          -19.95           5.126
               7          -6.218           3.738
               8           -26.9           3.713
               9          -30.75           3.935
              10           -5.63           3.736
              11           8.133           3.687
              12          -39.23           3.902
              13          -18.65           3.807
              14           43.49           3.782
              15           30.28           3.734
              16          -24.46           3.991
              17          -20.21           3.662
              18          -17.53           3.843
              19          -3.117           3.691
              20          -34.33           3.909
              21          -26.99           3.661
              22           3.477           3.569
              23           30.88           3.583
              24          -18.85            3.84
              25          -29.82           3.707
              26           23.32           3.567
              27           47.88           3.751
              28          -14.48           3.737
              29          -7.372           3.694
              30           49.57           3.656
              31           49.83           3.733
              32          -24.32           3.949
              33          -26.64           3.888
              34           12.48           3.619
              35           11.29           3.142
              36          -33.78           3.923
              37          -23.89           3.766
              38            10.5           3.807
              39           27.95           3.884
              40          -15.53           3.938
              41          -20.65             3.9
              42           23.51           3.953
              43           33.08           3.896
              44          -9.215            3.85
              45          -16.54            4.14
              46           44.71           3.841
              47           44.76           4.058
              48          -28.07           3.765
              49           -15.1           3.617
              50          0.5145           3.689
              51           9.473           3.581
              52           -21.1           3.713
              53          -23.05           3.543
              54           -3.75           3.538
              55           17.43            3.56
              56          -23.91            3.69
              57          -21.03           3.566
              58           21.01           3.635
              59            35.5           3.672
              60          -25.33           3.498
              61          -27.93           3.564
              62           49.08           3.511
              63              35           4.125
              64          -31.44           3.962
              65           -25.9            3.65
              66          -6.765           3.871
              67           5.421           3.658
              68           -26.1           3.777
              69          -11.68            3.75
              70           8.183           3.889
              71            45.6           3.821
              72         -0.2319           3.721
              73           -20.6           3.745
              74           23.97           3.748
              75           52.46           3.756
              76          -21.36           3.668
              77          -26.77           3.777
              78           39.31           3.719
              79           64.52           3.891
              80          -3.316           3.889
              81          -15.89           3.638
              82          -7.898           3.595
              83           28.81           3.629
              84          -21.12           3.865
              85          -31.05           3.629
              86           15.15           3.578
              87            32.4           3.611
              88          -16.52           3.717
              89           -36.1           3.612
              90           23.26           3.537
              91           46.28           3.718
              92           -16.9           3.595
              93          -22.06            3.67
              94            30.9           3.566
              95           32.01           3.816
              96          -34.67           3.816
              97          -17.33           3.786
              98           8.027           4.116
              99           29.02           3.953
             100          -33.91           3.788
             101          -18.77           3.857
             102           15.77           3.828
             103            20.9           3.778
             104          -29.69           3.831
             105          -28.09           4.205
             106           24.44           3.879
             107           50.57            3.95
             108           3.621           3.709
             109           2.974           4.148
             110           61.82           3.849
             111            46.6           4.038
             112           -24.6           3.744
             113          -31.62           3.534
             114           18.27            3.54
             115           28.15           3.549
             116          -24.64           3.695
             117          -10.52           3.383
             118           14.98           3.425
             119           30.92           3.544
             120          -8.294            3.64
             121          -4.343           3.484
             122           41.85           3.429
             123           36.87            3.72
             124          -7.582           3.467
             125          -22.63           3.455
             126           34.42           3.648
             127           11.07           4.333
APV                2              13               5               4
               0           81.81           30.98
               1          -10.69           23.36
               2          -10.03           19.15
               3          -95.93           19.63
               4          -139.5            10.1
               5          -67.93           6.493
               6          -10.89           5.373
               7          0.9041            3.96
               8          -48.03           3.591
               9           -1.55           3.899
              10           39.12           3.767
              11           33.38           3.759
              12          -25.86           3.775
              13          -1.746           3.651
              14           33.11           3.776
              15           23.22           3.763
              16          -42.43           3.843
              17          -8.681           3.738
              18           24.62           4.099
              19           17.09           3.673
              20          -56.46           3.817
              21          -34.54           3.731
              22            21.1           3.651
              23           13.21           3.493
              24          -46.46           3.738
              25          -3.809           3.801
              26           35.47           3.597
              27           24.49           3.741
              28          -26.81           3.702
              29           2.269           3.883
              30           44.98           3.563
              31           24.39           3.741
              32          -58.23           3.812
              33          -26.47           3.839
              34           14.27            3.84
              35           24.98            3.82
              36          -41.85           3.755
              37           -17.9           3.762
              38           16.83           3.821
              39            21.3           3.787
              40           -37.6           3.831
              41          -4.239           3.921
              42           38.69           4.097
              43            14.9           3.991
              44          -26.03           3.866
              45           13.41           3.957
              46           35.65           3.908
              47           30.36           4.369
              48           -46.3           3.657
              49          -25.21           3.621
              50           17.69           3.924
              51           9.394           3.567
              52          -54.65            3.58
              53          -15.27           3.593
              54           27.65           3.631
              55           14.43           3.545
              56          -34.18           3.613
              57           4.865           3.636
              58            41.5           3.586
              59           17.82           3.665
              60          -32.11           3.485
              61           13.06            3.75
              62           26.68           3.457
              63           11.14           5.497
              64          -54.92           4.455
              65          -15.48            3.67
              66           18.06           3.972
              67         -0.3291           3.676
              68          -54.27           3.645
              69          -6.731           3.763
              70           28.26           4.024
              71           26.87           3.842
              72          -37.87           3.646
              73           10.59           3.698
              74           44.45           3.763
              75           27.84           3.808
              76          -33.97           3.556
              77           16.22           3.689
              78            46.7           3.819
              79           16.39           4.095
              80          -50.82           3.785
              81          -18.87           3.658
              82           21.15            3.71
              83           19.54           3.582
              84          -32.84           3.782
              85          -1.284           3.687
              86           29.85            3.62
              87           19.91           3.582
              88          -27.45           3.637
              89           11.64           3.793
              90           57.88           3.627
              91           42.13           3.726
              92          -20.59            3.57
              93           10.12           3.868
              94           31.98           3.682
              95           20.55           3.907
              96          -41.37           3.678
              97          -11.24           3.804
              98           15.29           4.228
              99            12.1            3.98
             100          -43.12           3.692
             101          -5.328           3.851
             102           14.77           3.974
             103           25.56           3.797
             104          -28.43           3.727
             105           5.584           4.029
             106           32.21           3.946
             107           24.27           4.098
             108          -26.47           3.644
             109           17.79           3.979
             110           42.48           4.084
             111           26.59           4.457
             112          -43.95            3.59
             113          -8.512           3.526
             114           42.03           3.641
             115           23.13           3.551
             116          -44.01           3.574
             117          -17.02            3.44
             118           35.72           3.436
             119           29.43           3.471
             120          -37.33           3.593
             121          -9.137           3.574
             122           34.94           3.418
             123           14.73           3.709
             124          -34.76           3.428
             125           5.812           3.601
             126            44.4           3.533
             127          -2.569            4.57
APV                2              13               5              10
               0           105.9            29.6
               1          -7.303           24.57
               2         -0.6987           21.89
               3          -16.47           23.09
               4          -91.87           9.437
               5          -58.24           7.222
               6          -34.58            8.28
               7           16.61           6.854
               8          -43.46           6.631
               9          -28.98            6.37
              10          -10.85           6.709
              11            17.1           6.748
              12          -31.83           7.001
              13          -29.47           6.332
              14           15.39           6.506
              15           54.11           6.729
              16          -20.06           6.704
              17          -23.13           6.206
              18          -26.67           8.749
              19           27.41           6.171
              20          -27.31           6.593
              21          -31.72           6.201
              22          -19.86           6.349
              23           29.07               6
              24          -34.39           6.418
              25          -35.38           6.287
              26          -5.153           5.979
              27           39.66           6.219
              28          -24.86           6.189
              29           -10.8           6.325
              30           13.05           5.947
              31           51.88           6.492
              32          -22.11            6.78
              33          -22.98           6.624
              34          -4.515           6.577
              35           26.74           6.611
              36          -43.95           6.653
              37          -33.46           6.217
              38           26.78           6.873
              39            48.9           6.779
              40          -27.31           6.771
              41          0.7831           6.255
              42           3.807           7.199
              43           25.68           6.921
              44          -26.77           6.949
              45          -20.56           6.846
              46           38.85           6.454
              47           71.45           7.385
              48          -4.115           6.594
              49          -20.02            6.14
              50          -3.931           7.593
              51           32.23            6.07
              52          -15.01            6.51
              53          -44.82           6.055
              54           -7.03           6.107
              55           47.29           6.001
              56          -48.09           6.257
              57          -15.32           6.237
              58          -4.171           6.138
              59           32.97           6.328
              60           -45.7           5.997
              61          -39.22           6.664
              62            20.3            5.92
              63           85.53           8.299
              64          -6.394           6.939
              65           -18.9           6.371
              66           14.16           7.956
              67           25.12           6.914
              68          -17.73           6.637
              69          -7.078           6.194
              70          -12.08           7.394
              71           31.59           6.786
              72           -32.8           6.656
              73          -18.21           6.236
              74          -13.31            6.79
              75           51.33           6.833
              76           -29.3           6.703
              77          -24.18           6.423
              78           23.49           6.517
              79           87.01           7.343
              80          -23.25           6.682
              81          -24.83           6.087
              82          -13.36             6.7
              83           49.43           6.093
              84          -34.66           6.629
              85          -22.91           6.058
              86          -7.335           6.046
              87           42.46            6.06
              88          -31.59           6.153
              89          -14.93            6.28
              90           9.626           5.911
              91           54.82           6.482
              92          -39.47           6.016
              93           -32.3           6.792
              94           16.47           5.825
              95           78.28           7.115
              96          -35.98           6.622
              97          -19.24           6.325
              98          -2.654           7.967
              99           48.67           7.226
             100          -46.87           6.567
             101          -18.99            6.26
             102          -4.698           6.941
             103           24.79             6.7
             104          -42.93           6.807
             105          -18.92           6.814
             106           26.14           6.868
             107           64.77           7.138
             108          -19.35           6.451
             109          -12.76           6.779
             110           55.27           6.882
             111           107.2           7.729
             112          -18.28           6.456
             113             -18           5.916
             114          -10.68           6.455
             115           37.43           6.025
             116          -28.33           6.322
             117          -18.59            5.97
             118           -14.7           5.913
             119           33.05           6.117
             120          -23.61           6.142
             121          -8.089           6.208
             122           1.014           5.835
             123           37.83            6.65
             124          -19.47            5.86
             125          -3.219           7.572
             126           18.04            6.08
             127           103.1           8.327
APV                2              13               5              11
               0           54.67           28.61
               1          -58.36           23.81
               2          -31.55            22.4
               3          -36.46           22.63
               4          -132.2           8.862
               5          -81.35           7.051
               6          -6.867            8.12
               7           32.62           6.525
               8          -56.94            5.99
               9          -45.41           6.558
              10           23.81           6.574
              11            71.3           6.251
              12          -48.88           6.454
              13          -19.07           6.531
              14           58.23           6.393
              15           72.36            6.21
              16          -46.38           6.145
              17          -68.77           5.891
              18          -7.987           8.411
              19           36.54           6.208
              20          -73.68           6.044
              21          -65.26           6.002
              22           25.11            6.76
              23           49.53           5.957
              24          -58.53           5.998
              25          -38.41           6.339
              26            57.9           6.406
              27           71.31           5.964
              28          -41.52            6.01
              29          -22.83           6.428
              30           52.88           6.217
              31           83.44           6.058
              32          -76.22           6.038
              33          -47.84           6.209
              34          0.9793           6.886
              35           46.72           6.444
              36          -57.42           6.013
              37          -61.48           6.096
              38           37.92           6.767
              39           75.23            6.36
              40          -48.53           6.191
              41          -29.45           6.453
              42           42.47           6.916
              43           84.28           6.513
              44          -33.16           6.547
              45           -7.09           6.955
              46           42.19           6.221
              47           88.99           6.776
              48          -40.98           6.167
              49          -55.11           5.864
              50           1.863           7.739
              51           38.39           6.125
              52          -75.04           5.918
              53          -50.61           6.006
              54           22.51            6.62
              55            38.5           5.884
              56          -48.34               6
              57          -26.64            6.28
              58           39.04           6.342
              59           72.45           6.004
              60          -36.25           5.957
              61          -10.89           7.464
              62           53.72           5.899
              63           88.83           7.342
              64           -48.1           6.552
              65          -63.98           5.889
              66           9.653           11.41
              67            40.8            6.86
              68          -64.58           5.844
              69          -44.38           6.179
              70           12.11           7.279
              71           44.14           6.341
              72          -42.83            6.16
              73           -37.7           6.357
              74           36.59           6.636
              75           63.98           6.326
              76          -53.61           6.147
              77          -15.01           6.745
              78           65.39           6.412
              79           76.68           6.825
              80          -52.66           6.048
              81          -53.88           5.827
              82           16.03           6.599
              83           60.68           6.153
              84          -79.62            5.97
              85          -47.84           6.019
              86           16.13           6.413
              87           52.13           5.968
              88          -64.52           5.932
              89          -32.68           6.337
              90           36.35           6.205
              91           54.38           6.018
              92          -37.36           5.886
              93          -1.919           6.969
              94            55.7           6.061
              95           98.45             6.5
              96          -64.36           5.945
              97          -61.74           6.197
              98           10.92           8.082
              99           54.51           6.892
             100          -55.77           5.976
             101          -55.88           6.402
             102            16.3           6.825
             103           62.38           6.338
             104          -53.88           6.308
             105          -22.98           7.009
             106           42.12           6.651
             107           79.93           6.561
             108          -31.87           6.134
             109           2.978            6.85
             110           50.57           6.751
             111           101.3           7.135
             112          -53.41           6.004
             113          -57.94            5.79
             114           6.165           6.706
             115           40.46           6.021
             116          -68.11           5.812
             117          -48.52           5.952
             118           28.61           6.264
             119           60.19           5.835
             120          -40.95           5.978
             121          -18.23           6.291
             122            56.7           6.111
             123           81.08           6.196
             124           -43.8           5.824
             125           1.274           7.177
             126           54.53           6.076
             127           111.4            7.58
APV                2              13               5               5
               0           123.1           36.92
               1          -46.45           31.12
               2          0.5489           28.65
               3          -22.04           29.95
               4          -147.7           10.73
               5          -72.71           6.846
               6          -28.53           5.939
               7           1.317           4.751
               8          -84.23           4.287
               9          -25.72           4.673
              10           20.34           4.421
              11           38.91           4.636
              12          -60.55           4.523
              13          -9.707           4.429
              14           47.62           4.495
              15           48.97           4.557
              16          -46.17           4.546
              17          -68.25           4.244
              18          -8.745           4.803
              19           38.07           4.446
              20          -80.15           4.438
              21          -47.97           4.331
              22              19           4.285
              23            36.3           4.269
              24          -70.35           4.335
              25           -18.2           4.396
              26           45.55           4.243
              27           57.09           4.551
              28          -47.27           4.262
              29           8.932           4.446
              30           49.08           4.235
              31           57.72           4.602
              32           -47.6           4.503
              33          -58.64           4.607
              34           26.69            4.55
              35           17.25           4.668
              36             -83           4.372
              37          -20.93           4.492
              38           39.71            4.54
              39           53.42           4.705
              40          -31.71           4.606
              41          -8.568            4.64
              42           28.95           4.737
              43           30.15           4.874
              44          -39.86           4.631
              45           13.07           4.803
              46           38.02           4.469
              47           63.19           5.312
              48          -71.26           4.256
              49          -24.24           4.223
              50           29.54           4.513
              51           47.45            4.31
              52          -53.95           4.273
              53          -38.22           4.121
              54           18.85           4.264
              55              48           4.316
              56           -71.9           4.142
              57          -12.13           4.176
              58           43.84           4.253
              59           37.62           4.566
              60          -39.44           4.057
              61          -19.13           4.273
              62           37.28               4
              63           67.04           5.997
              64          -51.27           4.439
              65          -31.52           4.359
              66           27.31           4.727
              67           25.92           4.504
              68          -64.27           4.383
              69          -11.48           4.552
              70           5.261           4.651
              71           33.83             4.7
              72          -39.21           4.342
              73          -9.321            4.47
              74           40.83           4.468
              75           69.88           4.679
              76          -35.12           4.292
              77          -11.26           4.368
              78           32.26           4.468
              79           72.66           4.963
              80           -85.1           4.369
              81          -40.82           4.248
              82            16.7           4.322
              83           47.35           4.378
              84          -65.75           4.427
              85          -21.03           4.274
              86           35.23           4.262
              87           31.61           4.311
              88          -52.96           4.286
              89          -30.88           4.283
              90           27.95           4.195
              91           49.86           4.534
              92          -51.52           4.199
              93           7.472           4.401
              94           47.55           4.349
              95           57.95           4.777
              96          -80.71           4.322
              97          -39.14           4.445
              98           15.24           4.967
              99           40.82           4.927
             100          -64.23           4.364
             101          -33.29           4.552
             102           38.21           4.597
             103            38.8           4.664
             104          -73.23           4.421
             105          -13.81           4.787
             106           50.06            4.57
             107           60.55           4.854
             108          -40.65           4.415
             109           17.27           4.709
             110           66.06           4.587
             111           103.7           5.285
             112          -87.03            4.13
             113          -45.51           4.042
             114           33.25           4.217
             115           35.89            4.23
             116          -63.25            4.21
             117          -6.273           3.994
             118           23.61           4.045
             119           46.17           4.241
             120          -31.51           4.222
             121           14.11           4.122
             122            49.6           4.074
             123           42.11           4.489
             124          -31.61           4.049
             125           17.29           4.238
             126           45.13           4.085
             127           117.5           5.619
APV                2              13               5               6
               0           146.7           35.04
               1          -27.68           29.12
               2          -18.06           25.86
               3           -52.7           27.05
               4          -161.8            10.1
               5          -85.13            6.57
               6          -11.67           5.846
               7           35.45           4.642
               8           -44.4           4.153
               9          -34.49           4.413
              10           11.77           4.352
              11           48.05           4.405
              12          -32.52           4.457
              13          -25.54           4.189
              14           22.11           4.451
              15           56.91           4.346
              16          -46.49           4.368
              17          -38.99           4.087
              18          0.6917            4.77
              19           19.32           4.347
              20          -77.52            4.33
              21          -36.68           4.146
              22            13.7           4.238
              23           48.77           4.115
              24          -55.08           4.256
              25           -19.5            4.26
              26           24.84           4.125
              27           56.08           4.296
              28          -44.35           4.117
              29          -30.97           4.212
              30           38.04           4.112
              31           77.37           4.355
              32          -56.55           4.399
              33          -44.07           4.336
              34          -1.924           4.353
              35           44.16           4.543
              36          -46.41           4.375
              37          -26.79           4.324
              38           12.34           4.511
              39           50.61           4.539
              40          -37.87           4.488
              41          -11.48           4.471
              42           12.25           4.746
              43            66.3           4.612
              44          -33.72           4.462
              45         -0.4555           4.758
              46           7.835           4.393
              47           73.96           4.941
              48          -39.71           4.238
              49          -62.59           3.926
              50          -2.081           4.403
              51           28.84            4.21
              52          -50.24           4.096
              53          -24.76           3.964
              54           6.094           4.119
              55           34.39           4.079
              56          -44.97            4.09
              57          -21.42           4.008
              58           26.23           4.157
              59           48.31           4.224
              60          -32.05           3.941
              61          -11.81           4.127
              62           37.99           3.895
              63            73.7           5.082
              64          -43.29            4.39
              65          -44.25            4.06
              66           23.43           4.709
              67           49.79           4.348
              68          -40.16           4.302
              69          -9.218           4.279
              70           6.702            4.55
              71           50.29           4.544
              72          -51.56           4.201
              73          -32.28           4.208
              74           10.11            4.39
              75           55.14           4.376
              76          -38.62           4.138
              77          -5.792           4.408
              78            18.1           4.349
              79           73.48           4.687
              80          -47.52           4.272
              81          -32.94           4.059
              82           3.206           4.188
              83           65.76           4.139
              84          -52.66           4.356
              85          -42.24           4.061
              86           11.32           4.158
              87           50.04           4.169
              88          -32.75           4.132
              89          -41.04            4.13
              90           36.76           4.048
              91           49.95           4.284
              92          -16.17            4.07
              93           11.19           4.354
              94            25.2           4.209
              95           78.49           4.519
              96          -52.57           4.255
              97          -56.91            4.29
              98           21.72            4.92
              99           44.66           4.755
             100          -56.29           4.228
             101          -25.73           4.435
             102           32.54           4.567
             103           58.43           4.463
             104          -29.65            4.34
             105          -23.47            4.75
             106           14.24           4.535
             107           66.87           4.599
             108          -23.31           4.227
             109          -19.77           4.727
             110           28.32           4.488
             111            82.7           4.941
             112          -52.12           4.158
             113          -46.66           3.863
             114          -3.663           4.062
             115           64.78           4.076
             116          -48.83           4.068
             117          -35.93           3.803
             118           4.955           3.905
             119           68.57           4.128
             120          -29.64           4.064
             121          -23.62           4.028
             122           24.11           3.953
             123           73.68           4.325
             124          -26.12           3.924
             125         -0.9815           4.123
             126           44.33            3.99
             127           107.2           5.159
APV                2              13               5               7
               0             107           30.78
               1          -37.82           25.27
               2          -38.32           21.98
               3          -69.77           22.83
               4          -116.9           9.134
               5          -41.05           6.091
               6          -10.99           5.439
               7           18.64           4.107
               8          -29.88           3.901
               9          -17.05           4.483
              10           12.17           3.977
              11           18.41           4.057
              12          -39.41           4.206
              13          -2.933           4.114
              14           3.151           4.121
              15           32.98            4.04
              16          -34.76           4.285
              17             -36           4.039
              18          -10.87           4.549
              19           19.49           4.101
              20          -25.38           4.178
              21          -17.66           4.111
              22           8.578           4.079
              23              47           3.919
              24          -43.94           4.061
              25          -14.56           4.207
              26           7.435           3.892
              27           52.09           4.188
              28          -13.44           4.048
              29          -6.487           4.237
              30           21.47           3.974
              31            42.1           4.207
              32          -40.92           4.265
              33           -21.4           4.236
              34           7.521           4.351
              35           9.401           4.294
              36          -52.94            4.14
              37          -9.785           4.245
              38           3.637           4.392
              39           22.25            4.14
              40          -36.94           4.251
              41          -2.824           4.367
              42           21.97           4.444
              43           36.64           4.355
              44          -18.66           4.307
              45           6.047           4.695
              46           18.04           4.321
              47           48.61           4.636
              48          -30.47           4.005
              49           -24.2           3.909
              50          -17.12           4.091
              51            9.07           3.901
              52          -30.74           3.893
              53          -1.999           3.876
              54           7.777           3.855
              55           35.57           3.755
              56          -26.68           3.851
              57           2.079           3.905
              58           15.27           3.828
              59           56.01           4.015
              60          -12.17           3.768
              61          -3.818           3.963
              62           26.98           3.691
              63           67.27           4.641
              64          -20.36           3.999
              65          -9.755           3.738
              66           10.31           4.122
              67           11.69           3.809
              68          -53.12           3.899
              69          -15.71            3.91
              70          0.8857           4.134
              71           18.54           3.949
              72          -26.78           3.796
              73          -11.08           3.895
              74           11.13           3.915
              75            40.1           3.948
              76          -18.96           3.736
              77           16.12           4.033
              78           42.67           3.922
              79           59.14           4.186
              80          -30.23            3.91
              81          -11.92           3.673
              82           6.679           3.695
              83            21.2           3.695
              84          -32.07           3.939
              85          -15.84           3.807
              86           5.904           3.693
              87           23.92           3.753
              88           -17.3           3.777
              89          -11.39           3.803
              90           10.82           3.561
              91           26.44            3.86
              92          -25.11           3.629
              93         -0.4721           3.911
              94           34.62           3.725
              95           52.59           4.086
              96          -35.32            3.91
              97          -27.29           3.877
              98           1.999           4.271
              99           28.28           4.038
             100          -32.25            3.96
             101          -1.271           4.074
             102           6.222           4.086
             103           30.67           3.936
             104          -38.91           3.822
             105           11.32           4.438
             106           25.12           3.996
             107           50.88           4.182
             108          -17.58           3.739
             109          -4.261            4.39
             110           28.24           3.995
             111           57.74           4.361
             112          -33.63           3.789
             113          -15.86           3.625
             114          -23.03           3.619
             115           21.51           3.672
             116          -38.23           3.714
             117          -21.36           3.491
             118          -10.69           3.533
             119           11.17           3.686
             120          -32.32           3.658
             121          -12.43           3.655
             122           25.78           3.515
             123           36.47           3.887
             124          -9.463           3.552
             125          -6.438           3.701
             126           35.41           3.666
             127           50.89           4.667
APV                2              13               5               8
               0            65.4           28.75
               1             -47           23.44
               2          -12.19           20.36
               3          -38.42           21.09
               4          -102.5            7.83
               5           -74.6           5.717
               6           -21.9           5.499
               7           29.17           4.468
               8          -60.18           4.152
               9          -36.42           4.514
              10           18.32           4.388
              11           42.21           4.328
              12          -58.57           4.449
              13          -36.27           4.291
              14           56.29           4.483
              15           50.58           4.316
              16          -27.91           4.465
              17          -54.18           4.207
              18          -8.879           4.539
              19           25.89           4.233
              20          -59.51           4.439
              21          -39.34            4.32
              22          -5.656           4.173
              23           41.94           4.119
              24          -47.61           4.387
              25          -25.43           4.417
              26           27.77           4.113
              27           80.71           4.292
              28          -46.43           4.247
              29          -16.99           4.393
              30           43.52           4.117
              31           64.41           4.282
              32          -36.43           4.423
              33          -65.36           4.377
              34           6.078           4.351
              35           39.15            4.53
              36          -40.38           4.359
              37             -33           4.359
              38           25.92           4.485
              39           65.66            4.54
              40          -64.62           4.382
              41          -28.63           4.489
              42           6.546           4.826
              43            47.8            4.63
              44          -40.28           4.484
              45          -10.93           4.736
              46           42.71           4.512
              47           90.79           5.024
              48          -47.51           4.266
              49          -54.41           4.133
              50          0.7103           4.378
              51           46.19           4.131
              52           -63.5           4.196
              53          -49.16           4.087
              54             3.2           4.122
              55           53.47           4.052
              56          -43.93           4.188
              57          -26.84           4.093
              58           21.96           4.085
              59            65.1           4.279
              60          -35.53           4.005
              61          -9.343           4.271
              62           44.68           3.869
              63           90.77           5.108
              64          -40.54           4.456
              65          -20.71           4.129
              66           14.45           4.649
              67           48.36           4.471
              68          -51.23            4.28
              69          -19.77             4.3
              70           11.09           4.686
              71           53.66           4.544
              72           -30.3           4.291
              73          -29.81           4.318
              74            24.4           4.377
              75           50.36           4.339
              76          -32.96           4.139
              77          -8.027           4.419
              78              31           4.414
              79           83.85           4.744
              80          -37.16           4.304
              81          -49.57           4.174
              82          -3.416           4.242
              83           45.95           4.159
              84          -48.85           4.367
              85           -50.9           4.187
              86           6.885           4.145
              87           48.73             4.1
              88          -39.91           4.197
              89          -30.05           4.264
              90           29.53           4.088
              91           62.43           4.248
              92             -39            4.09
              93          -7.622           4.319
              94           49.47           4.326
              95           95.13           4.505
              96          -43.02           4.313
              97          -42.07           4.284
              98           9.727           5.077
              99           43.59           4.742
             100          -46.36           4.331
             101          -30.22           4.519
             102            24.5           4.657
             103           50.79           4.461
             104          -48.93           4.358
             105          -28.22           4.832
             106           55.59            4.55
             107           73.71           4.682
             108          -54.73           4.176
             109          -34.86           4.796
             110            59.6           4.765
             111           116.7           5.026
             112          -40.21           4.132
             113          -51.41           3.961
             114           3.923           4.122
             115           49.75            4.17
             116          -52.37           4.105
             117          -25.99           3.893
             118            10.1           3.948
             119           42.45           4.051
             120          -45.58           4.161
             121          -8.974           4.122
             122           31.38           3.852
             123              66            4.27
             124          -44.77           3.955
             125           -33.9           3.984
             126           51.05           3.959
             127             100           5.326
APV                2              13               5               9
               0           131.7           30.19
               1           2.824           23.25
               2          -24.75            19.5
               3          -76.78            20.4
               4          -105.1           9.329
               5          -45.39           6.047
               6          -16.11           5.394
               7           1.457           4.169
               8          -34.79           3.841
               9          -17.73           4.079
              10           3.902           3.986
              11           16.17            3.94
              12          -21.49           4.094
              13          -11.06           3.866
              14           13.24           4.027
              15           34.59           3.935
              16          -34.03           4.219
              17          -20.73           3.903
              18           5.484           4.066
              19            13.3            3.87
              20          -45.35           4.186
              21          -15.05           3.937
              22           8.278           3.752
              23           15.71           3.724
              24          -26.58           4.058
              25          -12.93           4.009
              26           14.97           3.703
              27           30.69            3.91
              28          -16.93           3.899
              29           1.233           4.011
              30           18.81           3.654
              31           35.15            3.91
              32          -29.86           4.207
              33          -2.312           4.054
              34           -3.49            3.98
              35           16.16           4.098
              36          -19.21           4.107
              37          -20.77           3.916
              38          -14.57            4.01
              39           19.04            4.12
              40          -21.66           4.135
              41          -13.59           4.144
              42           -2.02           4.334
              43           20.03           4.197
              44          -10.29           4.097
              45           2.572           4.312
              46           27.04           4.104
              47           32.42           4.518
              48          -25.85           3.955
              49          -19.19           3.802
              50           13.33           3.899
              51           5.132           3.778
              52          -28.46           3.981
              53          -16.58           3.802
              54          -18.62           3.693
              55           15.14            3.67
              56           -16.4           3.838
              57          -28.24           3.806
              58           8.208           3.725
              59           26.66           3.875
              60          -23.82           3.681
              61          -6.241           3.838
              62           28.19           3.488
              63           35.85           4.546
              64          -9.326           4.635
              65           19.44           3.813
              66          -6.098           4.087
              67           10.09           3.974
              68          -4.032           4.058
              69          -4.402           3.904
              70          -4.302           4.204
              71            21.6            4.06
              72          -8.089           4.021
              73           5.823           3.939
              74          0.2082            3.97
              75           31.99           3.964
              76          -3.849           3.828
              77           4.262           3.943
              78           21.52           4.017
              79           51.12           4.269
              80          -28.25            4.07
              81          -2.719           3.825
              82           12.35           3.817
              83           9.193           3.779
              84          -27.64           4.139
              85          -1.728           3.872
              86           18.45           3.712
              87           9.005           3.735
              88          -17.85            3.87
              89          -23.76           3.922
              90           11.12           3.715
              91           18.91           3.842
              92          -5.964           3.765
              93          -12.89           3.918
              94           29.36           3.826
              95           45.88           4.136
              96          -26.38           4.057
              97          -1.925           4.008
              98           -14.3            4.46
              99           6.852           4.287
             100          -4.124           4.049
             101           3.526           4.119
             102         -0.7041           4.185
             103           21.58           4.044
             104          -9.427           3.951
             105         0.08073           4.332
             106           12.65           4.172
             107           26.06           4.243
             108          0.4057            3.91
             109          -11.59           4.326
             110           32.37           4.292
             111           52.92           4.601
             112          -25.56           3.927
             113           -15.1           3.653
             114          -8.351           3.683
             115          -3.892           3.678
             116          -19.98           3.931
             117           -14.2           3.566
             118         -0.4115            3.56
             119           25.73           3.675
             120          -7.179           3.791
             121          -10.35           3.689
             122           20.08           3.519
             123           14.53           3.837
             124          -13.69           3.619
             125          -18.02           3.608
             126           31.35           3.615
             127           46.69           4.834
APV                2              13               5              11
               0           54.67           28.61
               1          -58.36           23.81
               2          -31.55            22.4
               3          -36.46           22.63
               4          -132.2           8.862
               5          -81.35           7.051
               6          -6.867            8.12
               7           32.62           6.525
               8          -56.94            5.99
               9          -45.41           6.558
              10           23.81           6.574
              11            71.3           6.251
              12          -48.88           6.454
              13          -19.07           6.531
              14           58.23           6.393
              15           72.36            6.21
              16          -46.38           6.145
              17          -68.77           5.891
              18          -7.987           8.411
              19           36.54           6.208
              20          -73.68           6.044
              21          -65.26           6.002
              22           25.11            6.76
              23           49.53           5.957
              24          -58.53           5.998
              25          -38.41           6.339
              26            57.9           6.406
              27           71.31           5.964
              28          -41.52            6.01
              29          -22.83           6.428
              30           52.88           6.217
              31           83.44           6.058
              32          -76.22           6.038
              33          -47.84           6.209
              34          0.9793           6.886
              35           46.72           6.444
              36          -57.42           6.013
              37          -61.48           6.096
              38           37.92           6.767
              39           75.23            6.36
              40          -48.53           6.191
              41          -29.45           6.453
              42           42.47           6.916
              43           84.28           6.513
              44          -33.16           6.547
              45           -7.09           6.955
              46           42.19           6.221
              47           88.99           6.776
              48          -40.98           6.167
              49          -55.11           5.864
              50           1.863           7.739
              51           38.39           6.125
              52          -75.04           5.918
              53          -50.61           6.006
              54           22.51            6.62
              55            38.5           5.884
              56          -48.34               6
              57          -26.64            6.28
              58           39.04           6.342
              59           72.45           6.004
              60          -36.25           5.957
              61          -10.89           7.464
              62           53.72           5.899
              63           88.83           7.342
              64           -48.1           6.552
              65          -63.98           5.889
              66           9.653           11.41
              67            40.8            6.86
              68          -64.58           5.844
              69          -44.38           6.179
              70           12.11           7.279
              71           44.14           6.341
              72          -42.83            6.16
              73           -37.7           6.357
              74           36.59           6.636
              75           63.98           6.326
              76          -53.61           6.147
              77          -15.01           6.745
              78           65.39           6.412
              79           76.68           6.825
              80          -52.66           6.048
              81          -53.88           5.827
              82           16.03           6.599
              83           60.68           6.153
              84          -79.62            5.97
              85          -47.84           6.019
              86           16.13           6.413
              87           52.13           5.968
              88          -64.52           5.932
              89          -32.68           6.337
              90           36.35           6.205
              91           54.38           6.018
              92          -37.36           5.886
              93          -1.919           6.969
              94            55.7           6.061
              95           98.45             6.5
              96          -64.36           5.945
              97          -61.74           6.197
              98           10.92           8.082
              99           54.51           6.892
             100          -55.77           5.976
             101          -55.88           6.402
             102            16.3           6.825
             103           62.38           6.338
             104          -53.88           6.308
             105          -22.98           7.009
             106           42.12           6.651
             107           79.93           6.561
             108          -31.87           6.134
             109           2.978            6.85
             110           50.57           6.751
             111           101.3           7.135
             112          -53.41           6.004
             113          -57.94            5.79
             114           6.165           6.706
             115           40.46           6.021
             116          -68.11           5.812
             117          -48.52           5.952
             118           28.61           6.264
             119           60.19           5.835
             120          -40.95           5.978
             121          -18.23           6.291
             122            56.7           6.111
             123           81.08           6.196
             124           -43.8           5.824
             125           1.274           7.177
             126           54.53           6.076
             127           111.4            7.58
APV                2              13               5              12
               0           103.5              28
               1          -19.92           22.54
               2          -6.137            19.6
               3          -55.48           20.51
               4          -87.99           8.841
               5          -43.06            6.89
               6          -1.438             8.9
               7           17.19           6.813
               8          -23.24           6.248
               9          -19.93           6.194
              10          -5.766           6.794
              11           36.17           6.586
              12          -28.13           6.625
              13          -39.25            6.04
              14           23.83           6.697
              15           29.26           6.804
              16          -11.91           7.114
              17          -19.63           6.158
              18           -1.21           8.978
              19           18.08           6.113
              20          -34.78           6.762
              21          -24.01           6.137
              22          -7.691           6.555
              23           38.24            5.87
              24           3.478           6.584
              25           8.229           6.315
              26           12.39            6.22
              27            21.9           6.072
              28           6.068           6.277
              29          -2.924           6.566
              30           2.538           6.002
              31           22.02             6.5
              32          -3.171           7.192
              33          -3.335            6.37
              34           8.123           6.964
              35           20.11           6.838
              36          -7.292            6.47
              37          -3.986           5.987
              38           20.34           6.986
              39           37.92           6.757
              40          -25.38           6.464
              41          -28.47           6.102
              42           7.865           7.379
              43           34.24           6.892
              44          -31.22           6.518
              45          -17.56           6.522
              46           12.91           6.171
              47           51.35           12.75
              48          -11.24           7.265
              49          -27.41           6.111
              50          -12.16             8.1
              51           21.07           5.924
              52          -22.57           6.598
              53          -12.12           6.058
              54          -15.28           6.431
              55           29.74           5.913
              56          -15.69           6.393
              57          -4.555           6.246
              58           11.27            6.23
              59           31.37           6.212
              60          -35.68           5.978
              61          -43.67           6.919
              62           19.14           5.888
              63           52.27           8.176
              64          -12.21           7.053
              65          -3.984           6.015
              66           4.417           8.799
              67           20.66           7.261
              68          -26.75           6.366
              69           -22.6           5.877
              70          -6.725           7.819
              71           14.53           6.719
              72          -3.942            6.49
              73          -1.353           5.928
              74           19.22           6.953
              75           40.92           6.763
              76          -8.486           6.184
              77           5.667           6.166
              78           31.49           6.604
              79           58.36           7.373
              80          -12.42           7.084
              81          -16.02           6.009
              82          -21.09           6.856
              83           25.74           5.969
              84          -20.49           6.719
              85          -18.93           6.041
              86           21.93           6.178
              87           18.25           5.902
              88          -22.82           6.249
              89          -21.84           6.309
              90          0.9115           5.975
              91           28.44           6.231
              92          -37.75           5.874
              93          -18.68           6.938
              94           8.515           5.917
              95           69.07           7.113
              96          -9.533           6.669
              97          -25.83           6.008
              98          -3.075           8.564
              99           19.07           7.334
             100          -41.82           6.258
             101          -18.95           6.028
             102           -1.42           7.348
             103           23.91           6.643
             104          -35.67           6.426
             105          -25.57           6.506
             106          0.2304           6.842
             107           32.76           7.044
             108          -26.37           6.108
             109          -19.05            6.36
             110           27.32           7.363
             111            63.1           8.409
             112          -61.28           11.83
             113          -25.05           5.859
             114           13.52           6.781
             115           3.845           6.045
             116          -18.57           6.589
             117          -12.43           5.919
             118           5.583           5.991
             119           30.48           5.874
             120          -28.41           6.129
             121          -20.05           6.098
             122           11.82           5.876
             123            24.2           6.439
             124          -17.29           5.788
             125          -3.051           7.694
             126           31.95           6.117
             127           66.61            8.75
APV                2              13               6               0
               0           57.05           26.43
               1           -22.6           21.65
               2           1.801           18.56
               3           -24.4           18.94
               4          -76.46           7.223
               5          -40.98           5.686
               6          -30.03           5.488
               7           37.76           4.887
               8          -32.41           4.705
               9          -52.88           5.154
              10            1.82           4.632
              11            32.4           4.805
              12          -41.36            5.06
              13           -27.7           4.834
              14            31.9           4.692
              15           47.89           4.769
              16          -24.16           4.996
              17          -29.76           4.711
              18          -30.35           4.571
              19           32.68           4.634
              20          -54.15           4.924
              21          -20.61           4.672
              22          -2.459           4.425
              23           54.48           4.532
              24          -26.19           4.791
              25          -29.82           4.749
              26           15.35           4.399
              27           57.75           4.765
              28          -41.25           4.645
              29          -20.18           4.731
              30           18.92           4.423
              31           52.36           4.764
              32          -44.18           4.927
              33          -48.24           5.038
              34          -15.54           4.734
              35            3.02           5.672
              36          -53.13           4.868
              37          -33.38           4.934
              38           3.735           4.751
              39           35.07            5.04
              40          -27.22           5.116
              41           -16.4           5.013
              42           23.35           5.016
              43           28.06            5.06
              44          -53.92           5.127
              45          -22.74           5.292
              46           41.81           4.757
              47           84.56           5.403
              48          -31.74           4.783
              49          -26.83           4.555
              50           13.72           4.487
              51           30.94           4.566
              52          -42.35           4.638
              53          -37.73           4.511
              54          -17.09           4.369
              55           55.38           4.474
              56          -47.23           4.589
              57          -22.41           4.521
              58           40.04           4.436
              59           61.96           4.683
              60          -16.23           4.415
              61          -36.58           4.461
              62           19.65           4.177
              63           67.79           5.513
              64          -28.09           5.504
              65          -24.12           4.667
              66            10.4           4.836
              67           23.78           4.774
              68          -30.26             4.8
              69          -9.191           4.862
              70           3.451           4.857
              71           54.11           5.045
              72          -28.78           4.787
              73           -46.2            4.74
              74           13.98           4.609
              75           56.18           4.875
              76          -33.22           4.632
              77          -1.171           4.952
              78           10.89            4.58
              79           77.11            5.16
              80          -32.38            4.88
              81          -23.15            4.65
              82          -14.05           4.388
              83           50.13            4.49
              84          -46.67           4.887
              85          -33.32           4.595
              86         -0.0268           4.402
              87           52.88            4.55
              88          -16.91           4.721
              89          -36.21           4.558
              90           6.091           4.352
              91           71.56           4.652
              92          -15.53           4.487
              93          -29.76           4.541
              94           31.23           4.531
              95           89.13           5.102
              96           -50.5           4.802
              97          -27.17           4.838
              98           11.98           5.147
              99           38.59           5.283
             100          -61.56           4.743
             101          -27.92           4.945
             102           16.15           4.807
             103           47.08           4.965
             104          -32.55           4.942
             105          -26.99           5.379
             106           41.76            4.81
             107           74.26           5.082
             108          -18.67            4.67
             109          -25.03           5.236
             110           28.13           4.771
             111           90.74           5.438
             112          -41.18           4.737
             113          -18.33           4.441
             114          -19.68           4.281
             115            48.5           18.22
             116          -46.21           4.627
             117          -17.14            4.31
             118          -4.098           4.223
             119           41.82           4.485
             120          -15.61           4.643
             121          -1.437           4.463
             122           9.464           4.197
             123           33.52           4.779
             124           -32.2           4.317
             125         -0.9179           4.245
             126           42.19           4.256
             127           111.2           5.667
APV                2              13               6               1
               0            72.9           27.32
               1          -24.22           22.72
               2          -3.605           20.08
               3          -70.85           18.14
               4          -72.62           7.293
               5          -37.21           5.644
               6         -0.7861           5.455
               7            22.5           4.647
               8           -28.5           4.445
               9          -24.76            4.76
              10           8.046           4.442
              11           5.819           4.579
              12          -30.27           4.731
              13          -16.63           4.437
              14           23.88           4.543
              15           12.41           4.587
              16          -17.68           4.638
              17             -42           4.386
              18            1.98           4.936
              19           16.96           4.453
              20          -52.22           4.637
              21          -36.49           4.369
              22           4.891            4.33
              23           32.34           4.314
              24          -22.94           4.509
              25           5.553            4.53
              26            27.3           4.287
              27           19.55           4.445
              28          -55.91           4.394
              29          -9.039           4.502
              30           5.105            4.26
              31            5.09           4.457
              32          -20.39           4.708
              33          -36.66           4.744
              34           16.34           4.623
              35           17.51           4.667
              36          -38.02           4.637
              37           -27.8           5.398
              38            28.7            4.54
              39           26.95           4.725
              40           -33.8           4.731
              41          -15.62           4.632
              42           41.84            5.42
              43           10.42           4.851
              44          -47.05           4.769
              45           9.518           4.863
              46           35.73           4.589
              47           52.77           5.287
              48          -24.36           4.468
              49          -40.63           4.283
              50           12.23           4.607
              51           4.837            4.34
              52          -24.64           4.326
              53          -28.45           4.219
              54           19.87           4.272
              55           30.03           4.247
              56          -42.06           4.343
              57          -15.46           4.258
              58           27.12           4.315
              59           41.65           4.517
              60          -36.32           4.103
              61           9.717           4.439
              62           31.33           4.089
              63            35.7           5.284
              64          -26.67           4.613
              65          -13.34           4.432
              66           14.84           4.764
              67           27.37           4.651
              68          -25.32           4.504
              69         -0.3106           4.606
              70           23.33           4.759
              71           11.85           4.717
              72          -35.61           4.454
              73          -22.55           4.525
              74           29.98           5.101
              75           37.28           4.646
              76           -27.9           4.402
              77           7.436           4.471
              78           22.67           4.473
              79           49.07           4.978
              80          -15.49            4.55
              81          -30.91           4.303
              82           6.274           4.408
              83              20           4.347
              84          -14.93           4.609
              85          -20.08           4.297
              86           31.99           4.348
              87           17.37           4.304
              88          -19.95           4.427
              89          -18.97           4.344
              90              14           4.266
              91            41.7           4.439
              92          -48.45           4.245
              93          -20.64           4.434
              94           31.87           4.427
              95           16.75           4.839
              96          -27.16           4.586
              97           4.548           4.602
              98           14.52           5.063
              99           18.87           4.868
             100          -48.71           4.439
             101          -25.04           4.566
             102           31.09           4.707
             103           17.29           4.645
             104          -37.32           4.578
             105          -8.281           4.943
             106           14.49           4.636
             107           23.55           4.863
             108          -20.92           4.416
             109           4.566           4.872
             110           46.92           4.738
             111           72.74            5.22
             112          -33.73           4.387
             113          -5.292           4.204
             114           42.38           4.324
             115           28.83           4.307
             116          -37.22           4.325
             117          -8.634           4.128
             118           3.326           4.068
             119           6.541           4.237
             120          -28.26           4.292
             121           2.971           4.208
             122            33.4           4.108
             123           15.38           4.511
             124          -25.46           4.111
             125           3.665           4.271
             126           47.99           4.175
             127           70.94           5.389
APV                2              13               6               2
               0           50.47           26.24
               1          -28.09           21.84
               2          -21.49           18.83
               3          -98.81           15.08
               4          -53.41           7.101
               5          -45.96           5.831
               6          -3.486            6.03
               7         -0.4947           5.102
               8          -27.11           4.894
               9          -8.365           5.226
              10           17.53           4.956
              11          -4.615           5.511
              12          -42.57           5.307
              13          -26.32           4.906
              14           24.97           5.009
              15           49.16           5.088
              16          -2.641           5.231
              17          -29.24           4.884
              18          -28.45           5.279
              19           7.345           4.847
              20          -7.052           5.153
              21          -11.81           4.837
              22         -0.5563           4.842
              23           29.55            4.67
              24          -26.92           4.969
              25           -4.81           4.949
              26          -7.938           4.664
              27           42.36           4.873
              28          -1.634           4.881
              29          -35.39            4.93
              30          -3.087           4.643
              31           36.32           4.947
              32          -17.38           5.209
              33          -49.55           5.093
              34          -2.604           4.991
              35           23.46           5.313
              36            1.92           5.158
              37          -16.04           4.993
              38           5.646           5.012
              39           28.93           5.212
              40          -44.56           5.268
              41          -12.16           5.103
              42           5.513           5.363
              43           41.63           5.363
              44          -26.96           5.203
              45          -9.829           5.514
              46           36.03           5.025
              47           59.73           5.869
              48          0.4805           4.977
              49          -30.75           4.717
              50           10.98           4.979
              51           26.73           4.763
              52          -37.85           4.825
              53          -46.64           4.652
              54           9.429           4.748
              55           26.11           4.618
              56           -27.3           4.735
              57           -4.61           4.776
              58           15.25           4.733
              59           19.57            4.86
              60          -15.89           4.617
              61           4.926           4.912
              62            16.2           4.439
              63            46.7           5.801
              64          -29.28           5.222
              65          -30.64           4.758
              66            6.25           5.334
              67           22.67             5.2
              68          -36.83           4.931
              69           12.54           4.964
              70          -8.183            5.24
              71           40.35           5.243
              72          -24.46           4.957
              73            6.59           4.987
              74           40.04           5.038
              75           20.35           5.022
              76          -4.973           4.896
              77          -5.247           4.989
              78           34.06           4.979
              79           48.06           5.492
              80          -33.57           5.007
              81          -51.22           4.747
              82          -11.85           4.855
              83           11.81           4.721
              84           -16.8           5.093
              85          -30.05            4.73
              86           1.716           4.703
              87           25.24           4.676
              88           -36.9           4.826
              89          -31.48           4.856
              90           2.148            4.76
              91           39.97           4.912
              92          -6.687           4.735
              93          0.8792           4.907
              94           4.692           4.975
              95            68.4           5.239
              96          -14.06           5.081
              97          -24.06           4.921
              98          -6.738           5.725
              99           3.928           5.453
             100          -38.43           4.997
             101           -14.8           5.012
             102          -1.158           5.204
             103           45.26           5.245
             104          -26.23           5.098
             105           5.837           5.584
             106           44.35           5.172
             107           32.03           5.346
             108          -35.91           4.833
             109          -16.28           5.428
             110           52.84           5.384
             111           72.94           5.833
             112          -38.32           4.814
             113          -28.66           4.568
             114            8.15           4.743
             115           27.21           4.717
             116          -12.53           4.814
             117          -16.84           4.451
             118           22.32           4.533
             119           17.86           4.605
             120          -29.47           4.741
             121          -10.27           4.677
             122           27.68           4.566
             123            56.8           4.928
             124          -33.47           4.526
             125           7.811           4.713
             126           19.69           4.459
             127           101.1           6.039
APV                2              13               6               3
               0           37.53           25.11
               1          -59.06           20.32
               2          -21.62           17.45
               3           -45.2           13.39
               4          -117.4           6.718
               5          -69.66           5.496
               6           9.798           5.476
               7           43.72           4.927
               8          -90.53           4.514
               9          -30.29           4.941
              10           26.46           4.707
              11           95.24           5.043
              12          -65.87           4.869
              13          -6.093           4.689
              14           23.63           4.805
              15           99.51           4.968
              16           -67.1           4.882
              17          -40.71           4.647
              18          0.6829           4.879
              19           54.65           4.806
              20          -91.65           4.696
              21           -50.6           4.646
              22           22.82           4.563
              23           83.78           4.604
              24          -73.26           4.634
              25          -38.24            4.66
              26           16.63             4.5
              27            72.5           4.842
              28          -63.13           4.452
              29           -15.9           4.714
              30           37.36           4.582
              31           95.02           4.904
              32          -65.17           4.806
              33          -71.51           4.731
              34          -5.686            4.76
              35           48.97           5.064
              36           -74.1           4.694
              37          -43.21           4.672
              38           7.441           4.717
              39           56.44           5.087
              40          -79.74           4.839
              41          -27.18           4.908
              42            33.4           5.036
              43           78.45           5.243
              44          -70.93           4.682
              45          -15.41           5.173
              46           22.42           4.768
              47           100.5           5.611
              48          -63.12           4.551
              49          -69.99           4.472
              50          -6.122           4.675
              51            52.7           4.612
              52          -92.56           4.339
              53          -42.87           4.429
              54           21.41           4.522
              55           57.96           4.631
              56          -77.28           4.375
              57          -18.72           4.508
              58            38.6           4.596
              59           99.97           4.873
              60          -46.61           4.206
              61            11.1           4.572
              62           41.88           4.357
              63           113.7            5.71
              64          -77.98           4.943
              65          -44.13            4.51
              66           4.744           4.867
              67           49.22           4.927
              68          -74.36           4.604
              69          -41.97            4.72
              70           9.558           4.864
              71           83.17            5.06
              72          -80.59           4.598
              73          -22.46           4.718
              74           37.86           4.699
              75           91.33           4.957
              76           -64.9           4.393
              77          -12.06           4.732
              78           52.57           4.733
              79           88.54           5.304
              80          -52.96           4.717
              81          -42.02           4.477
              82           8.846           4.555
              83           60.45           4.701
              84          -86.53           4.643
              85          -38.74           4.567
              86           19.19           4.543
              87           87.92           4.613
              88          -83.42           4.479
              89          -23.33           4.625
              90           24.75            4.53
              91           77.65           4.821
              92          -76.56           4.318
              93          -7.697            4.58
              94           51.11           4.734
              95           143.6           5.238
              96             -56           4.752
              97          -23.44           4.712
              98          0.3029           5.191
              99           56.32           5.259
             100          -72.77           4.603
             101          -28.47             4.9
             102           15.32           4.868
             103           70.37           5.062
             104          -66.26           4.753
             105           15.21           5.363
             106           43.32           4.854
             107           99.01           5.297
             108          -72.08           4.446
             109          -2.987           5.145
             110           47.61           4.929
             111           139.9           5.655
             112          -73.85           4.466
             113          -52.63           4.294
             114          -9.984            4.45
             115           37.65           4.595
             116          -82.61           4.369
             117          -29.88           4.239
             118           26.47           4.352
             119           61.42           4.577
             120          -68.48           4.392
             121          -10.05           4.419
             122           40.04           4.358
             123           108.1             4.9
             124          -62.79           4.214
             125          -1.874           4.374
             126           56.75           4.482
             127           148.7           5.804
APV                2              13               6               4
               0           26.78           25.74
               1          -85.93           21.24
               2            -8.2           18.89
               3          -41.99           11.85
               4            -118           6.286
               5           -57.6           5.204
               6           4.232           5.399
               7           53.72           4.784
               8          -70.04           4.303
               9          -39.23           4.622
              10           28.64            4.56
              11           56.58           4.654
              12          -69.79           4.553
              13           -4.03           4.454
              14           43.03           4.659
              15           84.74           4.783
              16          -54.51           4.676
              17          -78.16           4.319
              18           14.82           5.135
              19           58.65           4.516
              20          -61.06           4.487
              21          -51.88           4.411
              22           22.46           4.556
              23           56.03           4.336
              24           -64.3           4.449
              25          -37.94           4.483
              26           28.44           4.486
              27           60.96           4.587
              28          -50.94           4.373
              29          -21.79           4.586
              30           47.37           4.333
              31           85.07           4.757
              32          -51.76           4.598
              33          -62.81           4.556
              34           26.11           4.619
              35           56.18           4.802
              36           -63.5           4.479
              37          -54.44           4.481
              38           22.39           4.627
              39           71.97           4.787
              40          -58.31           4.703
              41          -41.86           4.646
              42           53.71           4.973
              43           77.75           5.078
              44          -53.01           4.647
              45          -13.34           4.847
              46           83.78            4.76
              47           79.16           5.567
              48          -79.15            4.32
              49          -62.45           4.266
              50          -0.765           4.793
              51           56.78             4.4
              52          -97.37           4.204
              53          -60.55           4.176
              54           31.25           4.484
              55           74.26           4.372
              56          -61.81            4.27
              57          -43.04           4.305
              58            59.9           4.406
              59           83.03           4.642
              60          -56.55           4.056
              61          -2.194           4.595
              62           60.92           4.141
              63           79.86           6.353
              64          -79.14           5.152
              65           -67.1           4.217
              66           25.15             4.9
              67            50.2           4.638
              68          -70.92           4.385
              69          -50.08           4.474
              70           24.82           4.904
              71           52.65           4.836
              72          -72.96           4.413
              73          -30.72           4.476
              74           51.56           4.645
              75           76.32           4.856
              76           -42.1           4.283
              77           3.681           4.553
              78           55.07           4.603
              79           89.88            5.29
              80           -76.9           4.426
              81           -45.3           4.315
              82           12.03           4.521
              83           63.83           4.419
              84          -69.43           4.451
              85          -41.15           4.319
              86           31.41            4.47
              87           81.78           4.365
              88          -52.81           4.363
              89          -24.27           4.463
              90           51.77            4.43
              91           89.37           4.587
              92          -58.44           4.194
              93          -11.54           4.484
              94            51.7           4.699
              95           88.65           5.086
              96          -63.88           4.456
              97          -64.63           4.396
              98           4.254           5.173
              99           47.28           5.017
             100          -48.76           4.457
             101           -38.3           4.561
             102           21.61           4.882
             103           66.55           4.769
             104          -71.24           4.509
             105           -21.3           4.926
             106           39.21           4.724
             107           71.67           5.117
             108          -49.76           4.298
             109          -3.055           4.784
             110           71.73           4.938
             111           98.62           5.779
             112          -89.61            4.29
             113          -58.73            4.12
             114           26.95           4.464
             115            52.4           4.394
             116          -74.25           4.198
             117          -40.84           4.022
             118           35.59           4.185
             119           78.05           4.219
             120          -62.84           4.271
             121          -38.78           4.251
             122           48.91           4.185
             123            74.5           4.724
             124          -60.99           4.077
             125          -8.134           4.297
             126           43.77           4.189
             127           97.51           5.975
APV                2              13               6              10
               0           95.06           28.69
               1           -8.43           23.86
               2          -31.61            21.5
               3          -75.18           15.13
               4           -57.6            8.96
               5          -46.59           7.469
               6          -37.75           9.667
               7           11.47           7.963
               8          -46.96            7.23
               9          -10.53            7.31
              10          -16.11           8.535
              11            11.1           7.537
              12          -25.57           7.883
              13          -18.48           7.017
              14           10.85           7.512
              15           46.12           7.508
              16           12.57           7.667
              17          -5.758           7.093
              18           -1.68           11.68
              19           7.724           6.822
              20          -42.17           7.408
              21          -40.91           7.071
              22           2.986           7.227
              23           46.86            6.57
              24          -29.04           7.168
              25          -8.388           7.177
              26           7.295           6.867
              27           32.59           6.826
              28          -35.74           6.908
              29          -23.16           7.413
              30          0.4193           6.764
              31            19.7           7.039
              32          -16.43           7.688
              33          -49.95           7.053
              34           1.451           7.489
              35           9.015           7.955
              36          -16.84           7.312
              37          -16.64           6.874
              38           2.321           8.678
              39           37.22            7.72
              40          -20.22           7.538
              41          -15.42           6.947
              42           2.924            8.16
              43           40.47           7.933
              44          -38.24           7.503
              45           2.087           7.749
              46           6.424           7.303
              47           50.67           8.464
              48          -5.178           7.531
              49          0.4499           7.124
              50          -5.934           8.884
              51          -6.041           6.621
              52           2.523           7.241
              53          -24.95           6.986
              54           -3.97           7.271
              55           30.49           6.486
              56          -37.09           7.115
              57           17.06           7.267
              58           21.01           6.908
              59           42.67           6.793
              60          -52.41           6.804
              61          -23.55           7.668
              62          -5.851           6.477
              63           64.77           9.313
              64           6.084           7.699
              65          -21.28           6.713
              66           1.292           9.628
              67          -7.504            8.16
              68          -10.07           7.281
              69          -4.274           6.812
              70          -18.83           8.413
              71           34.41           7.761
              72           -27.3           7.462
              73          -5.966           6.937
              74           5.137           7.906
              75           37.19            7.77
              76          -20.43           7.009
              77           -34.6           7.266
              78          -1.866           7.521
              79           89.01            8.56
              80          -11.61           7.419
              81          -25.19           6.856
              82          -7.239           7.843
              83           24.06           6.663
              84          -15.54           7.376
              85          -22.38           6.871
              86            24.7           7.028
              87           15.25           6.518
              88          -25.55           7.031
              89          -13.05           7.293
              90           32.88           7.838
              91              33           7.028
              92          -41.97           6.749
              93          -10.06           7.952
              94           20.14           6.652
              95           111.7           8.068
              96          -21.46           7.294
              97          -15.15           6.802
              98          -24.23           9.214
              99           14.66           8.453
             100          -43.45           7.241
             101          -28.08           7.001
             102          -19.44           8.153
             103           40.53           7.775
             104          -33.89           7.712
             105          -26.51           7.765
             106           11.14           7.729
             107           47.08           8.039
             108          -14.79           7.004
             109            23.5            7.68
             110            27.8           8.332
             111              90           9.128
             112          -26.33           7.363
             113          -12.95           6.763
             114           18.42           7.574
             115           27.31           6.623
             116          -26.44           7.116
             117          -4.747           6.711
             118           9.585           7.878
             119           24.01           6.578
             120          -17.81           6.987
             121          -2.313           7.117
             122            3.69           6.602
             123           26.32           7.161
             124          -1.733           6.748
             125           7.255           8.786
             126           -22.5           6.718
             127           124.8           9.824
APV                2              13               6              11
               0           30.71           29.81
               1          -79.01           26.19
               2          -50.36           25.58
               3          -72.89           15.36
               4          -127.4           8.298
               5          -86.67           7.558
               6         -0.7648           9.645
               7           62.48           7.382
               8          -74.86           6.677
               9          -73.99           7.608
              10           33.52           7.627
              11           93.71           7.332
              12          -74.31           7.093
              13          -50.95           7.691
              14           28.68           7.398
              15           118.4           7.069
              16          -55.96           6.792
              17          -83.51           6.342
              18          -5.735            10.3
              19           69.05           6.792
              20          -59.22           6.596
              21          -61.43           6.529
              22           14.33           6.948
              23           86.08           6.571
              24          -64.22           6.356
              25          -46.92           7.867
              26           30.47            6.59
              27           92.26            6.74
              28          -74.91            6.12
              29          -44.34           7.263
              30           57.22           6.616
              31             135            6.85
              32          -37.16           6.896
              33          -66.17           7.137
              34          -4.628            8.21
              35           58.25           7.555
              36          -68.29           6.622
              37          -62.69           7.244
              38           7.447            8.07
              39           84.89           7.366
              40          -42.34           7.039
              41          -59.83           7.337
              42           32.86           8.172
              43           89.66           7.303
              44          -79.26            7.36
              45          -14.77           8.121
              46           40.32           6.968
              47           122.7           7.364
              48          -65.65           6.621
              49          -74.33           6.409
              50          -7.178           8.467
              51           61.19           6.556
              52          -90.13           6.261
              53          -83.24           6.488
              54           26.42           6.805
              55           57.82           6.387
              56          -76.42            6.27
              57          -56.28           6.883
              58           41.73           6.788
              59           123.4           6.792
              60          -75.95           6.085
              61          -41.95           6.868
              62           49.07            6.42
              63           119.1           8.131
              64           -39.1           7.361
              65          -60.68           6.778
              66           1.418           13.85
              67           68.41           8.022
              68          -59.96           6.602
              69          -61.49           7.112
              70           25.62           8.543
              71           89.85           7.259
              72          -65.23           6.834
              73          -45.05            7.34
              74           24.75           7.865
              75           95.49           7.289
              76          -69.98           6.921
              77          -23.88           8.158
              78           62.17            7.31
              79           133.2           7.528
              80          -32.16           6.942
              81          -67.13           6.313
              82           10.83           8.144
              83           64.17           6.731
              84          -72.86            6.57
              85          -49.74           6.562
              86           42.85           6.821
              87           102.3           6.596
              88          -72.31           6.245
              89          -56.06            8.15
              90           33.18           6.626
              91           103.2           6.907
              92          -68.84           6.089
              93          -24.07           8.241
              94           54.08           6.465
              95           162.1           7.282
              96          -64.49           6.626
              97          -62.31           7.133
              98          -2.496           9.694
              99           57.29           8.101
             100          -71.52           6.571
             101          -67.45           7.457
             102           20.84           8.019
             103           89.71             7.2
             104          -66.76           7.125
             105          -58.84           9.232
             106           60.13           7.843
             107           100.1           7.398
             108          -66.58           6.912
             109          -16.34           8.222
             110           49.69           7.699
             111           158.7           7.765
             112          -67.34           6.518
             113          -59.37           6.442
             114           20.85           7.197
             115           73.02           6.607
             116          -83.33           6.216
             117          -64.53           6.479
             118           38.37           6.588
             119           86.25           6.476
             120          -60.23           6.233
             121          -51.48           7.059
             122           59.57            6.54
             123           120.1           6.999
             124          -62.52           6.093
             125          -19.61           8.466
             126            74.4           6.685
             127           158.5            7.98
APV                2              13               6               5
               0           66.73           27.64
               1          -52.37            22.5
               2          -9.756           19.56
               3          -30.69           20.24
               4          -141.1           7.175
               5          -72.95           5.576
               6           7.549           5.568
               7           31.01           4.694
               8          -70.54           4.365
               9          -25.11           4.833
              10           36.34            4.54
              11            69.5           4.692
              12           -45.6           4.672
              13          -28.33           4.462
              14           38.84           4.539
              15           60.98           4.739
              16          -49.79           4.687
              17           -38.1           4.411
              18          -8.055            5.07
              19           50.65           4.523
              20          -76.61           4.502
              21          -40.68           4.373
              22           22.51            4.48
              23           56.14           4.351
              24          -82.89           4.394
              25           -28.9           4.487
              26           31.01           4.346
              27           90.52           4.606
              28          -44.77           4.338
              29          -24.38           4.526
              30           48.03           4.347
              31           102.2            4.72
              32          -71.26           4.652
              33          -32.35           4.652
              34           1.668           4.592
              35           48.91           4.805
              36          -56.16           4.542
              37          -35.96           4.539
              38           25.97           4.692
              39           53.38           4.849
              40          -68.57           4.673
              41          -25.61           4.651
              42           22.26           4.853
              43           63.57           4.975
              44          -58.13           4.618
              45          -28.91           4.936
              46           32.57           4.595
              47           79.59           5.305
              48          -68.92           4.419
              49          -40.95           4.298
              50           21.74            4.71
              51           44.33           4.395
              52          -69.37           4.279
              53          -27.31           4.258
              54           1.519           4.363
              55            44.9           4.321
              56          -67.78           4.259
              57          -23.81           4.268
              58           36.87           4.338
              59            71.7           4.599
              60          -42.12           4.104
              61          -6.619            4.41
              62           56.15           4.194
              63           105.7           5.966
              64          -59.29           4.616
              65          -51.01            4.33
              66          -11.61           4.738
              67           37.19           4.639
              68          -79.31           4.441
              69          -47.48           4.582
              70           19.75           4.773
              71           65.97           4.794
              72          -74.24           4.389
              73          -24.76           4.541
              74           41.67            4.58
              75           64.32           4.747
              76          -59.71           4.309
              77          -16.45           4.551
              78           43.15           4.551
              79            97.8           5.063
              80          -83.53           4.432
              81          -70.14           4.268
              82         -0.5751            4.49
              83           55.01           4.449
              84          -84.55           4.519
              85          -35.59           4.291
              86            35.3           4.385
              87           54.54            4.39
              88           -76.4           4.308
              89          -26.54           4.414
              90           49.32           4.289
              91           71.11           4.635
              92          -28.92           4.256
              93          -23.32           4.515
              94           53.89           4.466
              95           100.6            4.98
              96          -72.41            4.42
              97           -59.1           4.482
              98           9.488            5.05
              99            47.9           4.935
             100          -72.13           4.454
             101          -50.64           4.567
             102           19.22           4.717
             103           74.48           4.745
             104          -72.19           4.495
             105          -33.64           5.092
             106           33.89           4.658
             107            89.5            5.02
             108          -45.08           4.335
             109           7.868           5.034
             110           59.18           4.734
             111           103.9           5.302
             112          -47.05           4.364
             113          -45.67           4.155
             114          -5.762           4.333
             115           57.09           4.367
             116          -67.58           4.266
             117          -47.03           4.018
             118           35.86           4.218
             119           62.09           4.308
             120          -66.96           4.203
             121          -19.27           4.191
             122            62.5            4.14
             123           84.89           4.647
             124          -47.42           4.035
             125           16.79           4.434
             126           78.37           4.204
             127           144.4           5.646
APV                2              13               6               6
               0           94.63           27.16
               1          -19.61           20.97
               2          -10.45           17.57
               3          -23.24           17.95
               4          -100.1           7.085
               5          -47.01           5.732
               6            4.46           5.665
               7           40.08           4.862
               8          -44.28           4.401
               9           -17.2           4.834
              10          0.3985           4.558
              11           48.71           4.753
              12          -52.49            4.66
              13          -27.07           4.432
              14           9.343           4.616
              15           74.68           4.706
              16          -27.01           4.712
              17          -28.59           4.498
              18           -11.6            5.21
              19           29.83           4.548
              20          -47.31           4.654
              21          -39.94           4.524
              22          -7.118           4.479
              23           45.72           4.433
              24          -39.99           4.509
              25          -15.95           4.598
              26           7.388           4.416
              27           36.64           4.572
              28          -41.73           4.381
              29          -20.21           4.628
              30           18.77           4.384
              31           83.55           4.667
              32          -42.12           4.612
              33          -43.76           4.677
              34          -5.767           4.582
              35           22.82           4.947
              36           -76.4           4.535
              37          -34.04            4.59
              38          -5.239            4.65
              39           57.98           4.968
              40             -46            4.73
              41          -22.35           4.744
              42           14.91           5.057
              43           58.35           5.057
              44          -20.03           4.848
              45           1.712           4.873
              46           17.67           4.613
              47           108.8           5.503
              48          -49.29           4.437
              49           -11.5           4.411
              50           11.92           4.869
              51           46.23           4.516
              52          -32.39           4.353
              53          -39.93           4.261
              54          -6.548           4.406
              55           47.58           4.404
              56          -57.94           4.314
              57           -28.2           4.366
              58           26.53           4.426
              59           32.74           4.523
              60          -33.26           4.133
              61          -21.37           4.562
              62           11.11            4.13
              63           72.17            5.68
              64          -53.01            4.55
              65          -23.85           4.507
              66          -2.877           4.894
              67           36.27            4.81
              68          -54.94           4.441
              69          -29.85           4.649
              70           3.677           4.893
              71           33.58           4.884
              72           -52.4            4.47
              73          -21.11           4.565
              74           28.88           4.598
              75           48.19           4.751
              76          -31.52           4.394
              77          -27.36           4.489
              78           30.36           4.586
              79           86.26           5.122
              80          -58.42           4.483
              81           -29.5           4.424
              82           11.66           4.554
              83           51.95           4.496
              84          -29.93            4.63
              85          -24.77           4.393
              86           11.73            4.45
              87            59.7           4.445
              88          -36.84           4.369
              89          -37.34           4.468
              90           12.69           4.396
              91           49.18           4.597
              92          -31.38           4.272
              93          -19.08           4.612
              94              36           4.591
              95           89.81           4.962
              96           -44.2           4.503
              97          -34.19            4.56
              98           -12.2           5.229
              99           44.79           5.149
             100          -53.87           4.471
             101          -35.52           4.658
             102           16.29           4.885
             103           50.22            4.87
             104           -51.8           4.596
             105         -0.4516           4.999
             106           15.29           4.718
             107           65.04            5.02
             108          -14.31           4.475
             109          -7.168             4.8
             110           37.84           4.788
             111           102.9           5.506
             112          -44.58           4.395
             113          -25.76           4.269
             114          -2.648           4.405
             115           43.75           4.418
             116          -44.09           4.281
             117          -21.57           4.132
             118          -11.06           4.159
             119           60.71           4.419
             120          -49.26           4.318
             121          -26.86           4.327
             122           14.67            4.24
             123           57.15           4.645
             124          -9.809           4.186
             125          -27.19            4.42
             126            32.8           4.157
             127             122           5.722
APV                2              13               6               7
               0            22.8           25.25
               1          -39.21           21.19
               2          -19.71           18.68
               3          -50.85           14.69
               4          -118.4             6.8
               5          -43.51           5.911
               6           5.108           5.896
               7           47.93           5.209
               8           -69.9           4.694
               9          -46.91           5.291
              10           7.116           4.877
              11            56.5            5.19
              12          -69.89            4.98
              13          -5.266           4.831
              14           15.77           4.951
              15           76.08           4.977
              16          -35.41           4.928
              17          -47.14           4.775
              18          -21.69           5.246
              19           25.49           4.735
              20          -67.81           4.842
              21           -27.2           4.798
              22           33.49           4.765
              23           56.29           4.587
              24          -65.48           4.785
              25          -31.23           4.703
              26           5.558           4.569
              27           46.85           21.23
              28           -27.6            4.72
              29          -6.158           4.905
              30           57.83           4.541
              31           74.66           4.992
              32          -38.54           5.037
              33          -34.48           4.999
              34          -1.681           4.916
              35           41.05            5.17
              36          -77.18           4.889
              37          -18.85           4.956
              38          -12.43           4.994
              39           49.97           5.187
              40          -56.71           5.046
              41          -36.51           17.51
              42           12.01           5.218
              43           66.88           5.515
              44          -40.83           5.088
              45          -27.73           5.538
              46           6.631           4.986
              47           86.76           5.782
              48          -35.01           4.799
              49          -48.32           4.588
              50          -9.583           4.972
              51           21.54           4.591
              52          -50.72           4.622
              53          -44.93           4.536
              54           13.54           4.633
              55           68.14           4.541
              56          -43.13           4.624
              57          -29.53           4.541
              58           20.09           4.621
              59           73.37           4.892
              60          -36.04           4.465
              61          -9.333            4.86
              62            29.9           4.367
              63           84.04           5.689
              64          -41.89           4.925
              65          -40.94           4.641
              66           8.411            5.18
              67           31.61           5.019
              68          -52.17           4.795
              69          -26.34           4.882
              70            16.2           5.204
              71           44.46           5.219
              72          -51.74             4.8
              73           -22.1           5.051
              74           27.05           4.854
              75           81.29           5.155
              76           -36.8           4.591
              77         -0.0424           4.924
              78           21.54           4.843
              79           97.33            5.48
              80          -42.88           4.861
              81          -44.63           4.742
              82           6.051           4.843
              83           35.76           4.685
              84          -55.74           4.889
              85           -36.1           4.689
              86          -5.093           4.661
              87           66.16            4.64
              88          -47.05           4.675
              89           -14.9           4.645
              90           15.83           4.571
              91           40.98           6.607
              92          -27.09           4.609
              93          -9.857           4.874
              94           54.27           4.787
              95           100.3           5.303
              96          -32.24           4.915
              97          -30.86            4.78
              98         -0.3613            5.55
              99            46.4           5.471
             100          -41.28           4.799
             101          -28.44            4.99
             102           31.47           5.121
             103           41.85           5.088
             104          -59.25           4.907
             105          -32.03           17.44
             106           32.07           4.897
             107           70.23            5.65
             108          -39.39           4.644
             109          -17.73           5.346
             110            23.7           5.158
             111           127.1           5.824
             112          -60.94           4.723
             113          -22.63           4.535
             114           23.22           4.599
             115            52.9           4.609
             116          -52.29           4.616
             117          -19.89           4.393
             118           14.14             4.4
             119           69.83           4.623
             120          -37.04           4.653
             121          -28.16           4.612
             122           17.33           4.378
             123           77.03           4.923
             124           -40.9           4.385
             125           -26.8           4.572
             126            50.6           4.477
             127           140.5            5.98
APV                2              13               6               8
               0           30.32           25.91
               1          -44.26           22.35
               2           -24.3            18.7
               3          -79.17           12.74
               4          -90.85           6.344
               5          -43.46           5.182
               6          -11.36           5.402
               7           40.24           4.653
               8          -35.47           4.103
               9           -54.2           4.458
              10           27.93           4.425
              11           43.97           4.506
              12          -44.36           4.326
              13          -17.17           4.259
              14            42.2           4.509
              15           43.65           4.458
              16          -38.88            4.36
              17          -39.36           2.899
              18          -14.26           4.632
              19           60.49           4.327
              20          -60.78           4.298
              21          -49.84           4.542
              22           7.564           4.194
              23           60.97           4.158
              24          -15.06           4.282
              25           -30.7           4.298
              26           34.12           4.138
              27           63.27           4.401
              28          -52.12           4.135
              29          -18.89           4.249
              30           34.44           4.083
              31            55.9           4.501
              32          -47.19           4.335
              33           -32.2           7.437
              34          -4.999           4.311
              35           13.38           4.704
              36          -52.42           4.352
              37          -43.48           4.327
              38           12.88            4.46
              39           57.77           4.723
              40          -31.71           4.426
              41          -9.601           4.509
              42           49.38           4.867
              43            37.8           4.806
              44          -33.51            4.51
              45          -26.21           4.627
              46           47.16            4.54
              47           65.22           5.232
              48          -63.11           4.155
              49          -25.32           5.509
              50          0.9941           4.418
              51           34.15           4.172
              52          -51.56           4.032
              53          -41.88           3.984
              54           11.54           4.097
              55           42.07           4.064
              56          -51.03           4.058
              57             -19           4.017
              58           52.15           4.136
              59           54.36           4.394
              60          -35.14           4.025
              61           -31.7           4.124
              62           50.64           3.886
              63           63.97           5.361
              64           -34.9           4.378
              65          -30.74           4.271
              66          -2.183           4.643
              67           25.02           4.614
              68          -45.91           4.257
              69           -36.3           4.236
              70           15.37            4.66
              71            43.7           4.693
              72          -42.52            4.13
              73          -19.94           4.371
              74           33.75           4.414
              75            61.5           4.563
              76          -29.04           4.154
              77          -26.58           4.141
              78           50.74           4.466
              79           70.63           4.938
              80             -52           4.167
              81          -47.25           7.696
              82           7.697           4.342
              83            51.9           4.176
              84          -48.64           4.302
              85          -43.88           4.119
              86           17.31           4.062
              87            23.9           4.155
              88          -31.44           4.173
              89          -46.75           4.121
              90           13.05           4.063
              91           53.81           4.319
              92          -41.64           4.017
              93          -30.15           4.162
              94           37.86           4.243
              95           70.95           4.726
              96          -52.04           4.239
              97          -31.51           6.426
              98          0.3517           4.953
              99           62.71           4.925
             100          -42.07           4.256
             101          -28.24           4.468
             102             3.2           4.651
             103           48.81           4.734
             104          -45.92           4.223
             105          -36.79           4.783
             106           34.03           4.565
             107           50.58           4.793
             108          -26.79           4.222
             109           3.538           4.669
             110            66.9           4.869
             111           87.66           5.317
             112          -62.64            4.09
             113          -21.68            4.42
             114           24.14           4.126
             115           53.19           4.141
             116          -36.23           4.077
             117          -17.36            4.01
             118           11.87           3.898
             119           40.21             4.1
             120          -37.39           4.059
             121          -25.48           3.926
             122           56.37           3.967
             123           41.53           4.404
             124          -17.73            4.14
             125          0.6765            4.06
             126           49.46           3.946
             127           105.9           5.534
APV                2              13               6               9
               0           1.766           30.42
               1          -78.47           25.92
               2          -21.15           23.49
               3          -90.11           13.23
               4            -135           6.986
               5          -75.82           5.464
               6           11.87            5.52
               7           43.43           4.765
               8          -83.34           4.317
               9          -31.84           4.673
              10           35.19           4.579
              11           64.84           4.606
              12          -77.05           4.657
              13          -18.32           4.464
              14           60.88           4.662
              15           73.68            4.59
              16          -71.99           4.691
              17          -74.48           4.375
              18           7.997           4.837
              19           52.11           4.465
              20           -82.3            4.61
              21          -32.69           4.446
              22           15.43           4.353
              23            62.8            4.31
              24          -71.34           4.391
              25          -15.66           4.592
              26           57.63            4.33
              27           73.05           4.529
              28          -81.01           4.349
              29           -12.2           4.578
              30           40.02           4.312
              31           83.74           4.603
              32           -66.9           4.728
              33          -64.41           4.576
              34           7.779           4.615
              35           57.84           4.733
              36          -68.51           4.602
              37           -57.7           4.453
              38           27.45           4.724
              39           43.22           4.738
              40           -72.5           4.662
              41          -18.16           4.743
              42           67.02           4.973
              43           62.79           4.903
              44          -94.36           4.562
              45           6.078           4.997
              46           37.45           4.655
              47           79.72           5.267
              48          -68.56           4.484
              49          -72.38           4.282
              50           13.16           4.641
              51           59.63           4.352
              52          -75.98           4.339
              53          -50.08           4.223
              54           28.28            4.34
              55           46.73           4.189
              56          -85.64           4.212
              57          -33.43           4.293
              58           29.43           4.325
              59            71.3           4.555
              60          -95.67           4.059
              61          -17.54            4.42
              62           50.62           4.049
              63             105           5.435
              64          -75.35           5.202
              65          -51.17           4.383
              66           30.48           4.719
              67           62.58           4.631
              68          -64.81           4.577
              69          -38.32           4.466
              70           13.35           4.806
              71            59.1           4.777
              72          -71.39           4.436
              73          -24.98           4.482
              74           54.54            4.61
              75           66.84            4.65
              76          -70.24           4.316
              77           3.554           4.596
              78           62.97           4.566
              79           84.27           5.058
              80          -67.98           4.586
              81           -56.1           4.292
              82           15.93           4.435
              83           36.48           4.363
              84          -84.16           4.601
              85          -31.24           4.375
              86           33.84           4.323
              87           61.53           4.303
              88          -55.72           4.338
              89          -1.523           4.519
              90           75.61           4.297
              91           83.98           4.478
              92           -67.4           4.217
              93           15.19           4.594
              94           69.09           4.453
              95           119.3           4.899
              96          -58.15           4.624
              97          -51.32           4.494
              98           26.59           5.195
              99            54.7           4.996
             100          -81.34            4.55
             101          -34.09           4.636
             102           35.99             4.8
             103           68.04           4.747
             104          -61.08           4.517
             105          -17.94           5.101
             106           56.66           4.718
             107           80.65           4.962
             108          -60.48           4.345
             109           19.77           5.043
             110           72.78           4.859
             111           142.6           5.464
             112          -43.93           4.469
             113          -60.24           4.134
             114           31.87            4.33
             115           58.15           4.346
             116          -71.67           4.369
             117          -55.42            4.04
             118           40.98            4.13
             119           67.94           4.237
             120          -82.03           4.147
             121          -3.257           4.296
             122           53.85           4.151
             123           61.77           4.562
             124          -67.34            4.07
             125           4.406           4.291
             126           57.99           4.173
             127           142.3           5.597
APV                2              13               6              11
               0           30.71           29.81
               1          -79.01           26.19
               2          -50.36           25.58
               3          -72.89           15.36
               4          -127.4           8.298
               5          -86.67           7.558
               6         -0.7648           9.645
               7           62.48           7.382
               8          -74.86           6.677
               9          -73.99           7.608
              10           33.52           7.627
              11           93.71           7.332
              12          -74.31           7.093
              13          -50.95           7.691
              14           28.68           7.398
              15           118.4           7.069
              16          -55.96           6.792
              17          -83.51           6.342
              18          -5.735            10.3
              19           69.05           6.792
              20          -59.22           6.596
              21          -61.43           6.529
              22           14.33           6.948
              23           86.08           6.571
              24          -64.22           6.356
              25          -46.92           7.867
              26           30.47            6.59
              27           92.26            6.74
              28          -74.91            6.12
              29          -44.34           7.263
              30           57.22           6.616
              31             135            6.85
              32          -37.16           6.896
              33          -66.17           7.137
              34          -4.628            8.21
              35           58.25           7.555
              36          -68.29           6.622
              37          -62.69           7.244
              38           7.447            8.07
              39           84.89           7.366
              40          -42.34           7.039
              41          -59.83           7.337
              42           32.86           8.172
              43           89.66           7.303
              44          -79.26            7.36
              45          -14.77           8.121
              46           40.32           6.968
              47           122.7           7.364
              48          -65.65           6.621
              49          -74.33           6.409
              50          -7.178           8.467
              51           61.19           6.556
              52          -90.13           6.261
              53          -83.24           6.488
              54           26.42           6.805
              55           57.82           6.387
              56          -76.42            6.27
              57          -56.28           6.883
              58           41.73           6.788
              59           123.4           6.792
              60          -75.95           6.085
              61          -41.95           6.868
              62           49.07            6.42
              63           119.1           8.131
              64           -39.1           7.361
              65          -60.68           6.778
              66           1.418           13.85
              67           68.41           8.022
              68          -59.96           6.602
              69          -61.49           7.112
              70           25.62           8.543
              71           89.85           7.259
              72          -65.23           6.834
              73          -45.05            7.34
              74           24.75           7.865
              75           95.49           7.289
              76          -69.98           6.921
              77          -23.88           8.158
              78           62.17            7.31
              79           133.2           7.528
              80          -32.16           6.942
              81          -67.13           6.313
              82           10.83           8.144
              83           64.17           6.731
              84          -72.86            6.57
              85          -49.74           6.562
              86           42.85           6.821
              87           102.3           6.596
              88          -72.31           6.245
              89          -56.06            8.15
              90           33.18           6.626
              91           103.2           6.907
              92          -68.84           6.089
              93          -24.07           8.241
              94           54.08           6.465
              95           162.1           7.282
              96          -64.49           6.626
              97          -62.31           7.133
              98          -2.496           9.694
              99           57.29           8.101
             100          -71.52           6.571
             101          -67.45           7.457
             102           20.84           8.019
             103           89.71             7.2
             104          -66.76           7.125
             105          -58.84           9.232
             106           60.13           7.843
             107           100.1           7.398
             108          -66.58           6.912
             109          -16.34           8.222
             110           49.69           7.699
             111           158.7           7.765
             112          -67.34           6.518
             113          -59.37           6.442
             114           20.85           7.197
             115           73.02           6.607
             116          -83.33           6.216
             117          -64.53           6.479
             118           38.37           6.588
             119           86.25           6.476
             120          -60.23           6.233
             121          -51.48           7.059
             122           59.57            6.54
             123           120.1           6.999
             124          -62.52           6.093
             125          -19.61           8.466
             126            74.4           6.685
             127           158.5            7.98
APV                2              13               6              12
               0           49.42           28.76
               1          -21.33           24.02
               2          -65.47           21.93
               3          -72.54           13.18
               4          -88.13           8.493
               5          -36.11           7.014
               6           -34.1           9.007
               7           33.05           7.144
               8          -31.18           6.692
               9          -29.31           7.009
              10          -20.75           7.184
              11           72.83           7.128
              12          -25.53           7.146
              13          -37.85           7.411
              14            17.7            7.13
              15           110.5             7.1
              16          -33.88           7.325
              17          -27.87           6.462
              18          -33.33           10.98
              19           38.26           6.721
              20          -50.23           6.963
              21          -17.02            6.36
              22          -31.91           7.078
              23           45.91           6.414
              24          -41.19           6.693
              25          -28.14           6.587
              26          -28.14           6.488
              27           58.84           6.634
              28          -31.87           6.374
              29          -43.54           6.846
              30         0.03533           6.627
              31           81.82           6.917
              32          -57.42           7.325
              33          -10.59           6.702
              34          -24.12           7.299
              35           28.78           6.892
              36          -49.48           6.849
              37          -26.93           6.453
              38           2.013           7.352
              39           42.81           7.077
              40          -21.82           6.946
              41          -14.67           6.506
              42          -16.67           7.609
              43           72.89           7.124
              44           -19.1           6.924
              45          -15.79           7.869
              46           10.46           6.733
              47           97.56           7.913
              48          -30.21           7.502
              49          -3.246           6.514
              50          -33.06           9.097
              51           14.91           6.435
              52          -42.55           6.735
              53          -28.43           6.317
              54          -19.23           6.864
              55           81.86            6.29
              56          -17.15            6.59
              57          -23.72           6.441
              58           3.739           6.744
              59           75.42           6.609
              60          -20.24           6.279
              61          -44.12           7.255
              62           11.89           6.404
              63           107.8           8.338
              64          -33.75           7.827
              65           -31.8           6.295
              66          -27.55           10.01
              67           34.78           7.372
              68          -48.46           6.687
              69          -27.42           6.447
              70          -40.56           8.045
              71           40.47           7.012
              72          -16.99           6.863
              73          -19.08           6.504
              74           2.139           7.326
              75            87.9           7.278
              76          -31.91            6.39
              77          -25.54           8.048
              78           43.25           7.072
              79            97.1           7.761
              80          -34.25           7.353
              81          -15.97            6.41
              82          -33.38           7.929
              83           33.58           6.451
              84          -33.02            6.96
              85          -23.92           6.321
              86          -6.009           6.697
              87           50.12           6.459
              88           -4.61           6.499
              89          -31.71           6.572
              90          -2.623           6.458
              91           74.32           6.785
              92          -29.88           6.189
              93          -30.49           7.579
              94           16.76           6.256
              95           124.5           7.576
              96          -45.57           6.757
              97          -23.21           6.451
              98          -27.67           8.866
              99           53.47           7.726
             100          -29.37            6.81
             101          -17.13           6.744
             102          -16.49           7.518
             103           59.49           6.968
             104          -23.19           6.938
             105           -28.7           7.829
             106           5.661           7.247
             107            95.3           7.403
             108          -12.54           6.413
             109          -27.31           7.678
             110           15.12           7.286
             111             115             8.1
             112          -44.96           7.033
             113          -14.66           6.282
             114          -43.11           7.454
             115           45.49           6.442
             116          -21.73            6.63
             117          -29.57           6.127
             118           2.206           6.547
             119           67.94           6.379
             120          -14.35           6.381
             121          -19.55           6.565
             122           10.63           6.414
             123           101.5           7.037
             124          -32.96           5.999
             125          -37.48           8.713
             126           31.43           6.708
             127           140.5           8.626
APV                2              13               7               0
               0           106.5           37.24
               1          -32.32           30.56
               2           6.972           28.75
               3          -15.47           28.34
               4          -171.4           9.677
               5          -69.41           6.299
               6           11.19           5.749
               7           12.45           4.806
               8          -70.29           4.343
               9          -15.14           4.702
              10           16.16           4.336
              11           47.73           4.478
              12          -93.96           4.489
              13          -15.88           4.385
              14           40.62           4.373
              15           52.03            4.43
              16          -57.43           4.683
              17           -41.8           4.305
              18           13.68           4.847
              19           23.39            4.37
              20          -60.94           4.569
              21          -19.81           4.312
              22           17.29           4.265
              23           29.94           4.225
              24          -63.06           4.358
              25             -24           4.354
              26           35.83           4.214
              27            57.7           4.451
              28          -53.31           4.259
              29          -4.057           4.463
              30            33.6            4.18
              31           47.81           4.444
              32          -71.23           4.671
              33          -37.41           4.598
              34           10.43           4.512
              35            21.9           4.572
              36          -58.63           4.602
              37          -19.78           4.476
              38           28.89           4.451
              39            42.8           4.609
              40          -54.57            4.61
              41          -6.472           4.667
              42           51.77           4.809
              43           44.32           4.782
              44          -63.39           4.573
              45          -6.485           4.828
              46              33           4.381
              47           58.21           5.046
              48          -85.42           10.81
              49          -51.16           4.233
              50           16.34           4.497
              51           52.14           4.302
              52          -58.91           4.289
              53          -26.84           4.087
              54           24.87           4.234
              55           31.07            4.14
              56          -63.87           4.211
              57         -0.3155           4.183
              58           21.98            4.14
              59           30.16           4.336
              60          -63.01           4.003
              61          -9.908           4.317
              62           28.58           3.977
              63           50.66           5.138
              64          -64.66           6.176
              65          -29.56           4.275
              66           4.892           4.698
              67           47.97           4.563
              68          -65.43           4.478
              69          -3.148           4.625
              70           27.79           4.608
              71           40.59           4.621
              72          -51.54           4.474
              73           11.53           4.457
              74           40.46           4.417
              75           55.99           4.437
              76          -51.12           4.242
              77           33.81           4.549
              78           29.29           4.286
              79           70.27           4.795
              80           -68.4           11.15
              81          -30.22           4.318
              82              24           4.341
              83           15.68           4.259
              84          -64.76           4.568
              85          0.9933           4.236
              86           36.95           4.202
              87           48.84           4.224
              88          -46.34           4.292
              89           3.864           4.258
              90           48.55           4.171
              91           53.59           4.365
              92          -62.05           4.103
              93          -16.61           4.342
              94           32.43           4.225
              95            60.9           4.643
              96          -57.14           4.463
              97          -15.13           4.445
              98           28.15           4.984
              99           37.46           4.779
             100          -59.72           4.515
             101          -24.63           4.594
             102           31.08           4.599
             103           53.68           4.598
             104          -74.39           4.449
             105           9.267           4.999
             106           34.85           4.536
             107           58.11           4.735
             108          -53.18           4.328
             109          -4.201           4.854
             110           42.77           4.533
             111           83.86           5.082
             112          -47.82           4.419
             113          -23.43           4.058
             114           25.85           4.168
             115            42.7           4.218
             116          -50.59           4.294
             117          -3.315           3.948
             118           42.31           4.003
             119           43.38           4.175
             120          -53.91           4.184
             121          -6.791           4.192
             122           37.38           3.945
             123           45.32           4.383
             124           -47.3           3.952
             125           21.48           4.208
             126            39.5           3.982
             127           95.84           5.289
APV                2              13               7               1
               0           139.6           32.91
               1          -1.199           28.26
               2          -45.58           26.28
               3          -42.88           27.03
               4          -122.8           9.018
               5          -45.52           6.032
               6          -43.33           5.471
               7           21.57           4.674
               8          -46.07           4.258
               9          -10.49           4.523
              10          -15.38           4.226
              11           29.18           4.479
              12          -24.74           4.545
              13          -20.37           4.267
              14          -4.584           4.335
              15           46.14           5.229
              16          -26.28           4.444
              17           12.22           4.385
              18           -24.8           4.765
              19           13.59           4.366
              20          -37.16           4.436
              21          -6.582           4.313
              22          -18.35           4.189
              23           25.78           4.246
              24          -24.83           4.377
              25          -20.64           4.319
              26          -7.492           4.143
              27           30.48           4.325
              28          -7.423           4.279
              29          -20.75           4.399
              30          -1.014           4.105
              31           47.87           4.509
              32          -13.17           4.533
              33         -0.7162           4.677
              34           -12.7           4.371
              35           9.069           4.606
              36          -15.21           4.497
              37          -13.21           4.451
              38           -12.3           4.419
              39           23.87           4.617
              40          -3.394           4.623
              41          -8.146           4.547
              42           5.195           4.621
              43           53.59           4.775
              44          -1.641           4.697
              45           10.13           4.707
              46           12.04           4.351
              47           46.36           5.121
              48          -25.59             4.3
              49          -13.31           4.203
              50          -6.174           4.432
              51           16.21           4.197
              52          -27.03           4.201
              53          -10.81           4.126
              54         -0.8555           4.108
              55           17.22           4.118
              56          -16.83           4.236
              57          -28.51             4.1
              58           4.237           4.164
              59           23.79           4.362
              60          -10.37           4.014
              61            -5.7           4.338
              62           4.679           3.922
              63           72.06           5.214
              64          -9.103           4.488
              65           10.43           4.303
              66           -19.5           4.539
              67           30.47           4.527
              68           -27.3           4.398
              69          -11.29           4.369
              70          -8.278           4.518
              71           33.87           4.694
              72          -27.21           4.378
              73          -18.58           4.283
              74          -9.524           4.299
              75            41.4           4.509
              76           -13.6           4.281
              77           -11.2           4.329
              78          -13.12            4.23
              79           84.38           4.876
              80          -24.91           4.414
              81          -8.093           4.232
              82          -8.978           4.209
              83           20.46           4.204
              84          -34.38           4.495
              85           4.961           4.213
              86          -23.94           4.094
              87           27.97           4.177
              88           4.822           4.324
              89          -15.25           4.193
              90           3.111           4.093
              91           49.32           4.351
              92          -19.43           4.178
              93          -9.736           4.339
              94          -3.645           4.216
              95           61.64           4.665
              96          -37.43           4.337
              97          -7.768           4.462
              98          -17.78           4.738
              99           30.37            4.86
             100          -36.56           4.366
             101          -26.02           4.478
             102          -4.933           4.475
             103           34.89           4.604
             104          -28.72            4.48
             105          -13.53           4.765
             106          -2.698           4.409
             107           26.09           4.715
             108          -6.897           4.294
             109           4.395           4.712
             110           32.16           4.511
             111           91.63           5.142
             112          -22.65           4.339
             113          -2.108             4.1
             114          -29.01           4.072
             115           26.68           4.208
             116          -15.25           4.234
             117          -9.201            3.96
             118          -14.34           3.889
             119           29.08           4.173
             120          -18.23           4.205
             121          -17.66           4.106
             122           16.15           3.952
             123           36.82           4.377
             124          -15.87           4.051
             125          -18.87           4.191
             126           11.78            3.97
             127           129.3           5.416
APV                2              13               7               2
               0           80.27            31.3
               1          -17.68           25.83
               2          -4.771           23.44
               3         -0.3392           24.76
               4          -183.2           8.533
               5          -63.53           5.983
               6          -17.75           5.273
               7            48.5           4.491
               8          -102.3           3.997
               9          -42.34           4.271
              10           17.28           4.175
              11           76.91           4.348
              12             -64           4.308
              13          -19.96            4.14
              14           39.79           4.245
              15           90.66           4.426
              16          -72.05           4.272
              17           -40.9           4.093
              18           -21.7           4.389
              19           64.88           4.201
              20          -76.05           4.259
              21          -26.58           4.061
              22           31.96           4.106
              23           77.77           4.057
              24          -80.33           4.176
              25          -25.66           4.164
              26            18.3            4.07
              27            71.1           4.228
              28          -61.24           4.053
              29          -1.682           4.209
              30           48.04           4.078
              31           84.02           4.358
              32          -73.39           4.276
              33          -40.94           4.407
              34          -7.736           4.131
              35           60.24           4.377
              36          -81.49            4.23
              37          -34.76           4.234
              38           15.25           4.235
              39           75.92           4.451
              40          -65.58           4.339
              41          -27.35           4.335
              42           16.74           4.484
              43           84.02           4.649
              44           -81.2           4.396
              45          -6.853           4.439
              46           42.57           4.262
              47           94.54           4.929
              48          -85.66           4.106
              49          -38.71           3.951
              50          -9.962            4.15
              51           51.81           4.135
              52          -85.39           3.975
              53          -34.73           3.927
              54           7.126           4.011
              55           86.84           4.042
              56          -68.59           4.002
              57          -6.917           3.971
              58           24.92           3.966
              59           74.24           4.243
              60           -71.2           3.773
              61          -16.85           4.052
              62           44.47            3.81
              63           89.74           4.892
              64          -89.47            4.27
              65          -35.33           4.133
              66           8.277           4.308
              67           45.99           4.292
              68          -114.1           4.001
              69          -48.89            4.16
              70           4.309           4.278
              71           79.07           4.478
              72          -82.76           4.062
              73          -10.02           4.117
              74           12.68           4.189
              75           71.24           4.302
              76          -86.47           4.058
              77          -6.379           4.059
              78           41.02           4.204
              79           95.65            4.67
              80          -75.49           4.213
              81          -53.36           3.977
              82           8.672           4.052
              83           48.18           4.059
              84          -87.35           4.236
              85          -22.42           4.029
              86        -0.04633           3.891
              87           77.17           4.141
              88          -73.47           4.047
              89          -19.55           4.055
              90           35.93           4.053
              91           94.32           4.285
              92          -56.91           3.884
              93          -17.67           4.091
              94           40.52           4.106
              95           106.2           4.571
              96          -91.02           4.164
              97          -22.37           4.311
              98            4.47           4.543
              99           62.26           4.595
             100          -76.59           4.121
             101          -8.424           4.342
             102           28.55           4.335
             103           83.75            4.45
             104          -46.16           4.238
             105          -8.004           4.521
             106           37.07           4.327
             107           108.5           4.555
             108          -51.61           4.141
             109          -14.85           4.409
             110           44.96           4.321
             111           110.9           4.921
             112          -79.95           4.085
             113          -7.346           3.932
             114          -4.684           3.927
             115           54.11           4.053
             116          -71.94            3.94
             117          -17.29           3.782
             118           7.109           3.825
             119           105.3           4.059
             120          -59.66           3.983
             121          -2.405           3.897
             122            38.3           3.833
             123           80.59            4.53
             124          -65.99           3.799
             125           4.426           3.959
             126           62.27           3.867
             127             148           5.065
APV                2              13               7               3
               0           80.29           28.96
               1          -37.01           23.67
               2          -49.17           21.03
               3          -17.43           22.12
               4          -133.7           7.885
               5          -54.84           5.796
               6          -40.57           5.253
               7           50.58           4.557
               8          -52.26           4.399
               9          -31.66           4.661
              10           11.09           4.305
              11           43.25           4.501
              12          -47.45           4.649
              13          -30.79            4.38
              14           37.33           4.358
              15           55.96           4.464
              16          -45.87           4.645
              17          -43.63           4.317
              18          -16.02            4.54
              19           44.86           4.441
              20          -64.36           4.517
              21          -34.48           4.345
              22          -3.514           4.194
              23           40.27           4.286
              24          -74.05           4.365
              25          -34.63           4.398
              26           28.91           4.139
              27           34.86           4.427
              28           -38.2           4.311
              29          -31.98           4.375
              30           51.95           4.254
              31           51.33            4.45
              32          -39.16           4.651
              33          -31.28           4.553
              34          -10.83           4.384
              35           70.44           4.517
              36          -52.82           4.582
              37          -33.39           4.485
              38           20.11            4.44
              39           53.42           4.561
              40          -68.91           4.642
              41          -29.15           4.597
              42           19.17            4.68
              43           69.94            4.71
              44          -34.33            4.59
              45          -30.33           4.901
              46            62.6           4.453
              47           78.42           5.094
              48          -38.25           4.446
              49          -7.504           4.303
              50          -11.31           4.382
              51           46.84           4.268
              52          -52.89           4.282
              53          -26.22           4.144
              54           8.919           4.202
              55           47.52           4.209
              56          -46.97           4.262
              57          -34.76           4.156
              58           25.44           4.263
              59           38.09             4.4
              60          -35.94           3.993
              61          -15.87           4.318
              62           64.66           4.022
              63           89.89           5.113
              64          -49.52           4.696
              65          -16.63           4.283
              66           3.628           4.521
              67           53.87            4.37
              68          -62.84            4.42
              69          -17.09           4.439
              70           35.21            4.52
              71           56.97           4.523
              72           -66.3           4.338
              73          -32.66           4.383
              74            36.4            4.37
              75           42.17           4.478
              76          -22.01           4.289
              77          -13.38           4.537
              78           76.48           4.353
              79           80.17           4.785
              80          -55.02           4.543
              81          -24.75           4.295
              82          -21.61           4.195
              83           43.85           4.295
              84           -59.8           4.472
              85          -26.33           4.254
              86           22.79           4.118
              87           59.31           4.247
              88          -49.34           4.298
              89          -29.45           4.297
              90           40.38           4.112
              91           48.95           4.442
              92          -44.73           4.156
              93          -37.81           4.312
              94           43.84           4.252
              95           72.02           4.672
              96          -49.01            4.49
              97          -23.03           4.429
              98          0.3319           4.738
              99           39.24           4.688
             100          -67.13           4.513
             101          -32.25           4.586
             102            29.4            4.49
             103           56.47           4.532
             104          -44.05           4.556
             105          -29.52           4.979
             106           50.44           4.549
             107           56.98            4.68
             108          -28.86           4.298
             109          -13.14            4.98
             110           68.45           4.525
             111           88.77           5.022
             112          -52.53           4.344
             113          -10.25           4.194
             114          -5.579           4.084
             115           36.62           4.193
             116          -55.43           4.278
             117          -16.11           4.001
             118           13.12           3.997
             119            36.4           4.201
             120           -68.4           4.193
             121          -22.87           4.114
             122           51.43           4.049
             123           49.67           4.461
             124          -36.93           4.004
             125          -17.58           4.096
             126           72.98           4.124
             127           91.44           5.248
APV                2              13               7               4
               0           192.1           36.65
               1           3.708           27.76
               2           -27.1           23.71
               3          -61.72           24.69
               4          -134.5           11.65
               5          -69.03            7.29
               6          -25.17           6.209
               7           3.414           4.571
               8          -27.61           3.871
               9          -28.38           4.062
              10          -13.99           4.038
              11           41.64           4.253
              12          -37.94           4.087
              13          -18.46            3.96
              14            14.5           4.153
              15           48.44           4.385
              16          -37.39           4.084
              17          -15.87           4.042
              18           -26.6           4.672
              19           9.245           4.076
              20          -51.06           4.091
              21          -11.13           4.145
              22          -21.72           4.038
              23           38.81           3.878
              24          -26.31           4.043
              25          -23.65           4.168
              26           9.367           3.974
              27           50.66           4.127
              28          -23.97           3.984
              29          -27.68           4.222
              30           13.24           3.881
              31           50.87           4.304
              32          -38.97           4.011
              33          -16.18           4.146
              34          -21.23           4.056
              35           27.74           4.454
              36          -32.89            3.99
              37          -20.64           4.023
              38           12.43           4.232
              39           49.06           4.355
              40          -21.07            4.14
              41          -2.752           4.184
              42            7.03           4.448
              43           42.79           4.674
              44          -40.58           4.163
              45           3.905           4.337
              46           24.69           4.217
              47           81.51           5.243
              48          -25.33           3.903
              49           1.595             3.9
              50           -14.8           4.319
              51           34.49           3.969
              52          -44.57           3.838
              53          -16.26           3.932
              54          -13.59           4.007
              55           34.17           4.009
              56          -32.34           3.957
              57          -11.14           3.986
              58          -8.756           3.895
              59            54.3           4.131
              60          -9.302           3.714
              61          -30.59           4.189
              62           33.28           3.721
              63           70.11           6.427
              64           -27.2           4.339
              65          -14.48            3.94
              66          -10.17           4.557
              67           20.67            4.37
              68          -28.26           4.003
              69          -4.063            3.98
              70          -3.384           4.409
              71           44.72           4.394
              72           -25.4           3.951
              73           4.323           4.019
              74           22.59           4.171
              75           55.52           4.419
              76          -20.65           3.847
              77          -24.45           4.024
              78            8.95           4.112
              79           60.49           4.933
              80          -44.24           3.955
              81          -10.49           3.923
              82          -14.89           4.158
              83           22.88            4.01
              84          -40.65           4.062
              85          -23.16           3.988
              86           18.72           4.106
              87           37.79           3.834
              88          -24.62            3.93
              89          -13.63           4.072
              90           5.948           4.003
              91           44.16           4.134
              92          -17.84            3.82
              93          -32.91           4.202
              94           23.73           4.282
              95           68.16            4.69
              96          -55.67            3.88
              97          -36.02           3.989
              98          -8.103           4.812
              99           19.71           4.612
             100          -34.44           3.949
             101          -18.87           4.089
             102           4.223           4.367
             103           48.08            4.38
             104          -32.93           4.061
             105          -14.51            4.38
             106           23.47           4.319
             107           51.95            4.76
             108          -2.046           3.921
             109          -1.906            4.31
             110           31.65           4.493
             111           86.66           5.497
             112          -28.55           3.892
             113          -1.061           3.817
             114          -3.013           3.999
             115           28.94            5.17
             116          -49.38           3.879
             117          -12.27           3.749
             118          -3.236           3.733
             119           36.58           3.807
             120          -31.89           3.868
             121          -22.86           3.893
             122           13.11           3.743
             123            45.6            4.27
             124          -16.51           3.682
             125          -18.19           3.982
             126           19.58           3.748
             127            81.5           5.917
APV                2              13               7              10
               0           113.3           33.99
               1           7.474           28.32
               2           -29.4           25.48
               3          -110.4              26
               4          -94.86           11.19
               5          -23.62           7.657
               6          -22.77           8.805
               7          -32.55           6.798
               8          -2.982           6.294
               9          -14.01           5.833
              10         -0.2525            6.67
              11          -16.58           6.748
              12          -1.248           6.724
              13          -9.069           5.666
              14          -4.225           6.777
              15           10.59           6.909
              16          -14.42           6.774
              17           12.72           5.911
              18           17.11           9.797
              19          -5.956           5.707
              20          -17.01           6.924
              21           0.054           5.717
              22           5.246           6.018
              23          -15.28           5.604
              24           9.395           6.201
              25            10.9           5.646
              26           16.32           5.494
              27          -5.032            6.18
              28           19.46           5.943
              29            10.3            6.03
              30          -2.039           5.627
              31           3.203           6.468
              32          -5.638           7.157
              33          -5.687           6.375
              34           16.14           7.096
              35          -23.45            6.87
              36          -10.55           6.888
              37           4.467           5.725
              38         -0.7391           6.896
              39          -12.07           6.529
              40           16.56           6.907
              41           10.42           5.718
              42          -1.603           7.251
              43           -1.89           6.907
              44           2.521           6.637
              45           6.967           6.286
              46          -6.102           6.716
              47           34.43           7.161
              48          -1.503           6.447
              49          -12.79           5.653
              50          -15.92           7.642
              51          -24.17           5.567
              52          -12.93           6.428
              53          -6.433           5.552
              54          -2.333           5.687
              55          -10.13           5.608
              56           7.082           5.945
              57          0.4353           5.557
              58          -6.005           5.469
              59         -0.8747            6.22
              60           15.97           5.613
              61           12.35           6.232
              62         -0.2357           5.446
              63           7.783           7.252
              64          -19.19           7.338
              65           1.592           6.391
              66           5.553            8.33
              67          -8.456            6.86
              68          -2.277           6.991
              69           8.199           5.844
              70           22.91           7.568
              71           4.576           6.625
              72           12.11           6.676
              73           19.78           5.651
              74          -7.007           6.989
              75          -2.831           6.713
              76           7.538           6.758
              77           12.76           5.657
              78          -5.372           6.541
              79           23.27           7.036
              80          -4.879            6.83
              81           12.16           5.804
              82           13.12           6.801
              83          -8.872           5.533
              84           2.593           6.937
              85          -5.291           5.719
              86          -9.258           5.779
              87           2.457           5.774
              88           4.788           6.073
              89           11.45           5.871
              90           8.257           5.558
              91           14.69           6.333
              92            17.7            5.75
              93          -7.049           6.485
              94          -6.293           5.437
              95           23.77            6.78
              96          -17.91           6.772
              97           1.144           6.127
              98           4.307            8.33
              99          -17.59           7.213
             100           4.658           6.824
             101           7.385           5.968
             102           10.45           7.157
             103          -12.52           6.526
             104           20.53            6.85
             105           19.54           6.128
             106           2.877           7.107
             107           9.457           7.007
             108           20.12           6.461
             109           -6.17           6.106
             110           -15.4           7.063
             111           14.01           7.254
             112          -25.74           6.588
             113           -1.98           5.584
             114           13.19           6.184
             115          -11.46           5.551
             116           18.44           6.371
             117           3.195           5.393
             118           -1.58           5.505
             119          -15.46           5.729
             120           18.52           5.827
             121            2.34             5.7
             122           6.592           5.499
             123           14.64           6.498
             124           6.675           5.588
             125          -19.11           7.258
             126            -9.7           5.585
             127           25.84           7.499
APV                2              13               7              11
               0           77.12           33.22
               1          -58.17           28.08
               2          -33.11           27.35
               3          -84.49           24.57
               4          -144.4           11.18
               5          -86.27           9.998
               6          -30.95           12.81
               7           38.54            8.66
               8          -49.41           9.041
               9          -34.89           10.05
              10           14.13           10.07
              11           76.59           8.126
              12          -72.42           9.331
              13          -24.42           10.23
              14           45.26           9.629
              15             110           8.474
              16          -44.92           8.781
              17          -63.68           8.303
              18          -35.94            14.2
              19           26.85            9.19
              20          -56.99           8.347
              21           -32.3            8.51
              22          -22.88           10.69
              23           47.25           8.422
              24          -69.61           9.034
              25          -20.59           9.216
              26           13.92           10.15
              27           96.33           8.334
              28          -40.45            8.88
              29          -26.97            9.68
              30           17.39           9.808
              31           100.2           8.418
              32          -22.01           8.511
              33          -67.44           8.975
              34          -19.91           11.39
              35           36.47           8.885
              36          -67.18           8.392
              37          -31.63           9.201
              38          -1.666           10.83
              39           78.19           8.536
              40          -41.23           8.787
              41          -24.07           9.537
              42           14.95           10.66
              43           90.14           8.379
              44          -47.97           10.24
              45          -11.94           10.52
              46           53.28           9.335
              47           109.8           8.814
              48          -49.68           9.269
              49          -40.48           8.434
              50          -11.21           12.66
              51           46.72           8.958
              52          -82.98           8.468
              53          -56.97           8.557
              54           -4.66           10.69
              55              79           8.368
              56          -65.97           9.084
              57          -23.16            9.13
              58           35.76           10.01
              59           99.53           8.238
              60          -56.78           9.112
              61          -11.58           10.57
              62           55.12           9.602
              63           104.6            9.66
              64          -64.11           8.066
              65          -48.25           8.197
              66          -10.69           17.46
              67           28.86           9.497
              68          -64.84           8.084
              69          -48.28           9.229
              70          -11.45           11.27
              71           79.19           8.399
              72          -60.84           8.948
              73          -21.19            9.54
              74           26.89           10.25
              75           105.7            8.48
              76          -55.51           9.419
              77          -13.98           10.15
              78           30.72           9.349
              79           113.9           8.851
              80          -63.43           8.343
              81          -63.28           8.195
              82           -35.6            10.3
              83           36.28           8.954
              84          -55.92           8.241
              85          -17.08           8.645
              86         -0.4824           10.39
              87            61.8           8.404
              88          -48.51           8.775
              89          -28.32           9.388
              90           15.83           9.883
              91           91.95           8.422
              92          -37.76           8.898
              93           17.45           10.97
              94           39.61           9.675
              95           124.7           8.795
              96          -74.35           8.202
              97          -67.88             8.9
              98          -7.117           12.69
              99           53.48           9.494
             100          -80.08           8.124
             101          -45.82           9.568
             102           -6.36           10.53
             103           80.48           8.323
             104          -37.96           9.501
             105          -14.25           10.29
             106           48.83           10.09
             107           108.9           8.529
             108          -37.06           9.351
             109           21.38           10.12
             110           55.83           9.735
             111           137.9           9.161
             112           -63.8           8.468
             113          -49.79            8.29
             114           -11.3           10.91
             115           36.53           8.806
             116          -60.98           8.259
             117          -32.14            8.65
             118           31.82           10.22
             119           87.09           8.493
             120          -42.69           8.906
             121          -7.727           9.539
             122           28.95           9.726
             123           92.95           8.417
             124          -57.04           8.979
             125          -7.012           12.05
             126           68.27           9.607
             127           132.4           9.972
APV                2              13               7               5
               0           176.6           37.66
               1           -35.6           32.53
               2          -38.27           30.09
               3          -54.81           31.17
               4          -160.8           10.91
               5          -91.02           6.837
               6          -22.27           6.403
               7           30.67           4.839
               8          -22.46           4.344
               9          -10.65           4.491
              10           19.68           4.382
              11           54.69           4.511
              12           -27.1           4.517
              13          -19.04           4.307
              14           5.432           4.415
              15           52.08           4.516
              16          -37.42           4.464
              17          -40.06           4.322
              18            -7.1           5.279
              19           24.19           4.376
              20          -40.97           4.497
              21          -59.77           4.236
              22         -0.4699           4.351
              23           43.53           4.078
              24           -39.6           4.423
              25           -27.4           4.466
              26           14.17           4.221
              27           52.49           4.355
              28          -31.41           4.195
              29          -11.26           4.542
              30           37.44           4.171
              31           67.15           4.381
              32          -29.18           4.443
              33          -35.15           4.519
              34          -8.879            4.63
              35           24.99           4.805
              36          -47.03           4.303
              37           -57.5           4.317
              38          -10.69           4.546
              39            65.2            4.71
              40          -46.78           4.481
              41          -20.72           4.478
              42           4.957           4.782
              43           55.26            4.82
              44          -35.89           4.603
              45          -17.82           4.712
              46           16.69           4.443
              47           77.42            5.33
              48          -38.39           4.308
              49          -28.08           4.217
              50          -3.118           4.803
              51            35.9           4.245
              52          -33.75           4.216
              53          -38.65           4.142
              54           3.272           4.303
              55            63.9           4.204
              56          -37.46           4.202
              57          -15.03           4.225
              58           15.91           4.131
              59           47.24            4.33
              60          -29.84           4.028
              61          -17.31           4.596
              62            30.7           3.973
              63            73.9           7.283
              64           -38.7           4.245
              65          -58.72           4.142
              66          -4.489           5.058
              67           37.96           4.722
              68          -40.18           4.254
              69          -44.51           4.297
              70           5.902             4.8
              71           52.84           4.652
              72          -27.64           4.265
              73          -29.96           4.275
              74           12.85           4.393
              75           43.84           4.559
              76          -27.89           4.262
              77          -8.779           4.331
              78           37.85           4.394
              79           109.1           4.982
              80          -29.95           4.355
              81          -40.71           4.153
              82         -0.5244           4.465
              83           24.23           4.223
              84          -38.72           4.487
              85          -42.72           4.202
              86          -5.467            4.29
              87           59.85           4.159
              88          -43.38           4.215
              89          -7.507           4.328
              90           19.84           4.207
              91           59.29           4.351
              92          -47.87           4.015
              93          -13.09           4.523
              94           21.24             4.4
              95            91.1           4.695
              96          -24.52           4.335
              97          -55.75           4.272
              98            14.1           5.286
              99            41.8           4.972
             100          -52.91           4.238
             101          -46.93            4.47
             102           6.342           4.682
             103           47.79           4.584
             104          -42.32           7.411
             105          -10.56           4.911
             106           7.469            4.53
             107            76.7           4.866
             108          -27.23           4.255
             109         -0.6055           4.593
             110           29.32           4.714
             111           120.2           5.343
             112          -37.71           4.228
             113          -43.89           4.015
             114           9.818           4.252
             115           38.08           4.163
             116          -49.87           4.174
             117          -15.36           4.004
             118           20.14           4.014
             119           55.26           4.087
             120          -41.22           4.175
             121           -21.9           4.169
             122            36.1           3.998
             123           69.03           4.366
             124          -40.55           3.893
             125          -3.297            4.54
             126           29.96           3.942
             127           123.3           5.612
APV                2              13               7               6
               0           164.7           35.65
               1          -27.29           29.28
               2          -10.05           26.15
               3          -40.55           27.62
               4          -145.4           10.37
               5           -81.3            7.03
               6          -27.96           6.524
               7           20.57           5.168
               8          -53.99           4.647
               9          -18.66           5.017
              10           33.98           4.911
              11            58.8           4.949
              12          -54.43           5.007
              13          -20.65           4.737
              14           7.809           4.849
              15           36.89           4.861
              16          -35.31           4.919
              17          -60.18           4.616
              18           24.35           5.746
              19           30.99           4.775
              20          -71.71           4.895
              21          -34.01           4.805
              22           18.19           4.843
              23           44.58           4.576
              24           -58.9           4.784
              25          -39.51            4.83
              26           7.314            4.63
              27           60.15           4.743
              28          -40.88           4.668
              29          -10.79           4.938
              30           43.24           4.652
              31           64.34           8.598
              32          -50.25           4.916
              33          -45.93           5.003
              34           36.17           5.029
              35           47.81           5.241
              36             -51           4.903
              37          -40.85           4.822
              38           21.57           5.092
              39           48.21           5.114
              40           -51.4           5.008
              41          -5.461           5.029
              42           29.01            5.37
              43           58.06           5.289
              44          -52.24           4.978
              45          -7.632           5.133
              46           12.67           4.899
              47           83.59           5.987
              48          -52.36           4.757
              49          -41.19           4.573
              50           14.02           5.268
              51           28.49           4.703
              52          -47.62           4.615
              53          -26.43           4.548
              54           27.72           4.781
              55           45.86           4.534
              56          -44.72           4.617
              57          -2.476           4.613
              58           12.15           4.601
              59            46.7           4.777
              60           -60.2           4.392
              61          -19.68           4.899
              62           27.94           4.321
              63           88.85           5.027
              64          -44.73           4.904
              65          -29.73            4.64
              66           12.13           5.418
              67           26.01           5.109
              68          -34.61           4.784
              69          -34.13           4.752
              70           21.23            5.34
              71           37.25           5.163
              72          -53.33           4.735
              73          -21.97           4.793
              74           26.76           4.882
              75           62.23            4.94
              76             -50           4.602
              77            1.82           4.766
              78           34.79           4.797
              79            80.8           5.364
              80          -38.95           4.838
              81          -21.24           4.582
              82           21.64           4.915
              83           36.62           4.564
              84           -47.5           4.825
              85             -30           4.648
              86           9.952           4.669
              87           38.31           4.532
              88          -44.67           4.633
              89          -12.15           4.812
              90           6.596           4.539
              91           56.85             4.7
              92          -48.74           4.499
              93          -3.729           4.926
              94           26.91           4.825
              95           97.09           5.138
              96          -42.38           4.763
              97          -30.54           4.835
              98           26.42           5.725
              99           38.19           5.303
             100          -59.05           4.809
             101          -26.34           4.931
             102           26.74           5.154
             103            65.4            5.11
             104          -70.22           4.852
             105          -27.03             5.3
             106           20.06           5.018
             107           47.04           5.159
             108          -46.37           4.674
             109         -0.8167           5.165
             110            26.3            5.15
             111           99.73           5.838
             112          -52.21           4.655
             113          -43.41           4.328
             114           15.69           4.733
             115           35.75           4.646
             116          -52.29           4.609
             117          -28.29           4.335
             118           18.68           4.377
             119            43.7           4.551
             120          -46.21           4.569
             121          -4.182           4.575
             122            25.9           4.401
             123           47.07           4.732
             124          -53.98           4.329
             125          -10.58           4.786
             126           33.17           4.373
             127           129.5           6.246
APV                2              13               7               7
               0           79.59           30.75
               1           -37.4           24.72
               2          -21.22           21.49
               3          -58.51           22.12
               4          -142.3           8.928
               5           -81.1           6.229
               6          -19.78           5.864
               7           7.945           4.503
               8          -42.17           4.108
               9          -37.49           4.474
              10           6.609           4.431
              11           47.42           4.374
              12          -37.51           4.421
              13          -14.94           4.232
              14           41.75           4.435
              15           68.33           4.419
              16          -48.16           4.392
              17          -57.87           4.133
              18          -1.362           4.902
              19           26.71           4.267
              20          -58.93           4.388
              21          -36.59           4.274
              22           17.22           4.247
              23           57.27            4.11
              24          -73.49           4.186
              25          -37.73           4.304
              26           23.67            6.27
              27           46.53           4.258
              28          -57.27            4.15
              29          -21.04           4.381
              30           29.45           4.044
              31           60.79           4.314
              32          -35.98           4.414
              33           -51.5           4.428
              34           21.72           4.469
              35           46.49           4.639
              36          -38.69           4.347
              37          -35.54           4.306
              38           35.27           4.505
              39           75.16           4.542
              40          -46.04           4.398
              41          -47.64           4.465
              42            17.7           4.866
              43           75.62           4.665
              44          -53.23           4.509
              45          -37.03           4.648
              46           51.24           4.493
              47           92.59           4.961
              48          -41.23           4.201
              49          -33.96           4.087
              50           20.23           4.561
              51           42.32           4.164
              52          -71.14            4.11
              53          -55.14           4.083
              54           30.82           4.154
              55           71.93           4.073
              56          -53.59           4.086
              57           -9.08           4.159
              58            28.1           4.133
              59           46.41           4.202
              60           -50.2           3.876
              61          -12.68           4.337
              62           46.27            3.85
              63           68.48           4.907
              64          -58.19           4.291
              65          -40.01            4.12
              66           12.62           4.827
              67           51.88           4.521
              68          -44.71           4.266
              69          -42.39           4.242
              70           20.08           4.696
              71           53.71           4.547
              72          -61.81           4.139
              73          -21.58           4.254
              74           39.61           4.398
              75           54.72           4.346
              76          -24.48           4.173
              77           -7.89           4.305
              78           41.12           4.992
              79           88.52           4.637
              80          -47.22           4.295
              81          -67.11           4.085
              82           7.999           4.312
              83           38.02            4.16
              84           -45.8           4.346
              85          -38.48           4.153
              86           7.484           4.123
              87           59.45           4.088
              88          -37.06            4.15
              89          -26.86           4.238
              90            30.7           4.089
              91           50.33           4.194
              92          -51.12           4.006
              93          -3.225           4.378
              94           82.34           4.261
              95           96.96           4.426
              96          -43.36           4.272
              97          -62.48           4.217
              98           12.54           5.077
              99            44.3           4.804
             100          -62.15           4.219
             101          -41.51           4.419
             102           32.25            4.63
             103           58.74           4.469
             104          -41.73           4.283
             105          -18.39           4.688
             106           46.44             4.6
             107           79.52           4.656
             108          -40.46           4.162
             109          -24.95           4.574
             110           67.87           4.776
             111           87.47           4.904
             112          -57.69           4.152
             113          -50.28           3.942
             114           10.83           4.119
             115            46.4           4.142
             116          -76.33           4.076
             117          -44.57           3.859
             118           37.19           3.952
             119            62.1           4.064
             120          -61.45           4.019
             121          -12.12           4.058
             122           61.24            3.95
             123           76.64           4.233
             124          -43.23           3.861
             125          -7.446           4.187
             126           38.59           3.928
             127           82.47           5.059
APV                2              13               7               8
               0           110.1           32.08
               1          -36.36           26.18
               2           -44.2           23.05
               3          -75.97           23.01
               4          -102.5           9.048
               5          -68.72           6.119
               6          -48.58           5.297
               7           7.402           4.152
               8          -38.88           3.912
               9           -32.8           4.157
              10          -2.757           3.915
              11           56.47           4.054
              12          -30.38           4.107
              13          -14.12           3.963
              14           18.95           4.066
              15            79.1           4.069
              16          -21.17           4.156
              17          -42.95           3.961
              18          -23.32           4.165
              19           50.05           3.924
              20          -14.39           4.113
              21          -39.76           5.177
              22          -15.24           3.815
              23           42.69           3.751
              24          -11.87           4.051
              25          -27.63           3.996
              26           13.93           3.731
              27           49.09           3.971
              28          -26.54           3.969
              29          -26.13           3.992
              30           19.01           3.727
              31           77.71           4.032
              32           4.596           4.219
              33          -29.93           4.099
              34          -27.95           3.996
              35           19.22           4.188
              36          -25.35           4.127
              37           -16.3           4.001
              38          -17.06           4.045
              39           17.13           4.132
              40          -33.16           4.133
              41          -28.11            4.15
              42           15.04           4.284
              43           53.78           4.245
              44          -11.71           4.095
              45          -15.07           4.422
              46           33.72            4.06
              47           81.71           4.506
              48          -3.169           4.028
              49          -25.73            3.81
              50          -19.24           3.985
              51           48.49           3.832
              52          -24.88           3.908
              53           -36.4           3.764
              54          -4.198           3.694
              55            36.9           3.791
              56             -18           3.803
              57          -23.54           3.739
              58           23.25           3.766
              59            60.6           3.954
              60          -36.15           3.659
              61          -16.74           3.814
              62           24.32           3.552
              63           79.09           4.634
              64           1.032           4.188
              65          -22.21           3.843
              66          -43.42           4.151
              67           10.86           4.057
              68          -22.28           4.051
              69          -30.16           3.955
              70          -2.116           4.176
              71            47.6           4.183
              72          -14.76           4.003
              73          -33.98           3.965
              74           17.32           4.061
              75           58.67           4.025
              76          -9.891           3.954
              77          -24.33           4.133
              78           41.49           4.039
              79           93.54           4.321
              80          -16.84           4.095
              81          -32.05           3.869
              82           -6.29           3.971
              83           31.73           5.551
              84          -18.42           4.171
              85          -26.44           3.863
              86          -9.883           3.771
              87           34.89           3.834
              88          -36.99           3.928
              89          -26.52           3.857
              90           23.84           3.678
              91           52.35           3.956
              92          -22.41           3.834
              93          -26.28           3.965
              94           39.03           3.771
              95           86.81           4.207
              96          -30.46           4.048
              97          -38.31           4.016
              98          -39.17           4.439
              99           27.53           4.348
             100          -34.39           4.103
             101          -48.35           4.053
             102           1.648           4.167
             103           56.83           4.127
             104          -12.54           4.009
             105          -19.36           4.439
             106           27.67           4.166
             107           71.16           4.347
             108           -5.55           3.972
             109          -29.77           4.423
             110           25.61           4.135
             111           76.98           4.521
             112          -27.02           3.991
             113          -39.38           3.747
             114          -21.06           3.707
             115            28.8           3.822
             116          -26.02           3.914
             117          -38.76           3.634
             118          -4.193           3.561
             119           35.53           3.782
             120          -16.85           3.888
             121          -26.85           3.742
             122           35.85           3.542
             123           69.21           3.952
             124          -31.37           3.664
             125           -25.8           3.779
             126           26.95           3.663
             127           52.43           4.787
APV                2              13               7               9
               0           118.8           33.14
               1          -45.21           25.73
               2          -17.24           21.94
               3          -76.16           22.75
               4          -159.5           10.66
               5          -86.31           6.805
               6          -14.95           5.549
               7           8.424           4.154
               8          -43.86           3.769
               9          -18.13            3.98
              10           28.92           3.926
              11           49.62           3.898
              12          -35.75               4
              13           4.563            3.86
              14            25.1           3.875
              15           61.07           3.902
              16          -54.41           4.136
              17          -43.89           3.747
              18           3.309           4.034
              19           6.668           3.793
              20          -38.38           4.119
              21          -36.69           3.771
              22           14.25           3.679
              23           39.08           3.661
              24          -33.36           3.877
              25          -6.071           3.895
              26           27.77           3.598
              27           55.05           3.811
              28          -35.21           3.768
              29          -6.656           3.932
              30           39.74           3.631
              31           69.46           3.928
              32          -44.08           4.198
              33          -18.79            3.95
              34           22.03           3.916
              35            13.5           3.896
              36          -64.92             4.1
              37          -47.45           3.891
              38           9.707           3.981
              39           39.46           4.041
              40          -51.89           4.148
              41          -18.15           4.047
              42           20.65           4.192
              43           45.18           4.164
              44          -21.74           3.976
              45           4.223           4.364
              46           51.45           4.023
              47           78.18           4.453
              48          -36.96           3.843
              49          -31.38           3.641
              50          -6.991           3.794
              51           5.555            3.66
              52          -51.67           3.909
              53           -37.7           3.616
              54            7.36           3.608
              55           35.33           3.617
              56          -43.18           3.714
              57          -25.98           3.656
              58           20.26            3.65
              59           43.85           3.832
              60          -30.29           3.538
              61          -6.769           3.708
              62           19.01           3.441
              63           86.09           4.454
              64          -40.75           4.466
              65          -44.06           3.702
              66           8.912           4.056
              67           4.492           3.915
              68          -50.47           4.056
              69           -43.9           3.827
              70            7.36           4.093
              71           46.57           4.018
              72          -22.26             3.9
              73           6.548           3.849
              74           25.67           3.911
              75           72.94           3.928
              76          -22.82           3.739
              77          -8.264           3.954
              78           17.56           3.834
              79           76.05           4.217
              80          -68.97           4.005
              81          -33.13           3.694
              82            6.27           3.704
              83            5.13           3.681
              84          -56.58           4.165
              85          -5.886           3.786
              86           22.84           3.652
              87           31.82           3.673
              88          -24.72           3.781
              89           -18.6           3.813
              90           28.47           3.606
              91           59.42           3.817
              92          -17.37           3.674
              93          -3.019           3.828
              94           22.86            3.61
              95           76.42           4.027
              96           -63.6           4.063
              97          -20.72           3.863
              98           20.38           4.307
              99            26.8           4.168
             100          -41.19           4.012
             101          -23.15           3.983
             102           10.59           4.047
             103           36.67           3.974
             104          -36.69           3.916
             105           2.115           4.407
             106           26.47            4.03
             107           63.27           4.187
             108          -34.33           3.781
             109           -6.01            4.34
             110           30.21           4.041
             111           80.89           4.456
             112          -51.67           3.927
             113          -40.59           3.525
             114           11.28           3.586
             115           30.79           3.606
             116          -34.61           3.831
             117          -18.65           3.463
             118           21.23           3.467
             119           48.21           3.616
             120          -24.72            3.67
             121           9.274           3.648
             122           28.97           3.459
             123           69.52           3.862
             124          -48.02           3.536
             125          -5.799           3.642
             126           34.34           3.489
             127           76.77           4.657
APV                2              13               7              11
               0           77.12           33.22
               1          -58.17           28.08
               2          -33.11           27.35
               3          -84.49           24.57
               4          -144.4           11.18
               5          -86.27           9.998
               6          -30.95           12.81
               7           38.54            8.66
               8          -49.41           9.041
               9          -34.89           10.05
              10           14.13           10.07
              11           76.59           8.126
              12          -72.42           9.331
              13          -24.42           10.23
              14           45.26           9.629
              15             110           8.474
              16          -44.92           8.781
              17          -63.68           8.303
              18          -35.94            14.2
              19           26.85            9.19
              20          -56.99           8.347
              21           -32.3            8.51
              22          -22.88           10.69
              23           47.25           8.422
              24          -69.61           9.034
              25          -20.59           9.216
              26           13.92           10.15
              27           96.33           8.334
              28          -40.45            8.88
              29          -26.97            9.68
              30           17.39           9.808
              31           100.2           8.418
              32          -22.01           8.511
              33          -67.44           8.975
              34          -19.91           11.39
              35           36.47           8.885
              36          -67.18           8.392
              37          -31.63           9.201
              38          -1.666           10.83
              39           78.19           8.536
              40          -41.23           8.787
              41          -24.07           9.537
              42           14.95           10.66
              43           90.14           8.379
              44          -47.97           10.24
              45          -11.94           10.52
              46           53.28           9.335
              47           109.8           8.814
              48          -49.68           9.269
              49          -40.48           8.434
              50          -11.21           12.66
              51           46.72           8.958
              52          -82.98           8.468
              53          -56.97           8.557
              54           -4.66           10.69
              55              79           8.368
              56          -65.97           9.084
              57          -23.16            9.13
              58           35.76           10.01
              59           99.53           8.238
              60          -56.78           9.112
              61          -11.58           10.57
              62           55.12           9.602
              63           104.6            9.66
              64          -64.11           8.066
              65          -48.25           8.197
              66          -10.69           17.46
              67           28.86           9.497
              68          -64.84           8.084
              69          -48.28           9.229
              70          -11.45           11.27
              71           79.19           8.399
              72          -60.84           8.948
              73          -21.19            9.54
              74           26.89           10.25
              75           105.7            8.48
              76          -55.51           9.419
              77          -13.98           10.15
              78           30.72           9.349
              79           113.9           8.851
              80          -63.43           8.343
              81          -63.28           8.195
              82           -35.6            10.3
              83           36.28           8.954
              84          -55.92           8.241
              85          -17.08           8.645
              86         -0.4824           10.39
              87            61.8           8.404
              88          -48.51           8.775
              89          -28.32           9.388
              90           15.83           9.883
              91           91.95           8.422
              92          -37.76           8.898
              93           17.45           10.97
              94           39.61           9.675
              95           124.7           8.795
              96          -74.35           8.202
              97          -67.88             8.9
              98          -7.117           12.69
              99           53.48           9.494
             100          -80.08           8.124
             101          -45.82           9.568
             102           -6.36           10.53
             103           80.48           8.323
             104          -37.96           9.501
             105          -14.25           10.29
             106           48.83           10.09
             107           108.9           8.529
             108          -37.06           9.351
             109           21.38           10.12
             110           55.83           9.735
             111           137.9           9.161
             112           -63.8           8.468
             113          -49.79            8.29
             114           -11.3           10.91
             115           36.53           8.806
             116          -60.98           8.259
             117          -32.14            8.65
             118           31.82           10.22
             119           87.09           8.493
             120          -42.69           8.906
             121          -7.727           9.539
             122           28.95           9.726
             123           92.95           8.417
             124          -57.04           8.979
             125          -7.012           12.05
             126           68.27           9.607
             127           132.4           9.972
APV                2              13               7              12
               0           40.84           31.62
               1          -44.88           26.31
               2          -31.95           23.38
               3          -75.55            21.4
               4          -141.6           10.18
               5          -55.77           7.249
               6          -17.64           10.34
               7           28.92            6.69
               8          -48.34           6.106
               9          -22.03           6.342
              10           25.32            7.03
              11           54.21           6.427
              12          -46.75           6.441
              13          -28.82           6.268
              14           35.07            6.88
              15           81.17           6.487
              16           -73.2           7.681
              17           -26.2           5.934
              18           5.237           12.56
              19           14.77           6.271
              20          -69.19           7.212
              21          -29.25           5.871
              22          -15.44           7.429
              23           41.03            5.96
              24          -51.47           6.743
              25          -26.98           6.086
              26           21.86           6.658
              27            85.9           6.166
              28          -30.07           6.115
              29          -26.24           6.782
              30           34.47            6.49
              31           72.86           6.525
              32          -67.29            7.36
              33          -38.42           6.096
              34           7.366           8.171
              35           39.45           7.064
              36          -65.63           6.685
              37          -35.16           5.888
              38           9.567           7.671
              39           46.56           6.415
              40          -52.09           6.462
              41          -14.53           5.959
              42           28.13           7.813
              43           53.14           6.683
              44          -39.68           6.584
              45          -6.997           6.689
              46           46.62           6.422
              47           101.9           7.278
              48          -67.24           8.001
              49          -31.75           5.994
              50           7.217           10.23
              51           26.63           6.211
              52          -89.27           6.949
              53          -33.99           5.926
              54           28.67           7.399
              55           54.41           6.041
              56          -54.57           6.488
              57          -24.65           6.147
              58           33.59           6.634
              59           64.92           6.293
              60          -27.62           5.932
              61          -1.241           7.762
              62           48.38           6.273
              63           90.02            7.87
              64          -84.02            7.54
              65          -25.43           5.729
              66           25.71           10.89
              67           31.73           7.217
              68          -69.77           6.467
              69          -4.352            5.86
              70           8.811           8.767
              71           47.32           6.341
              72          -54.65            6.29
              73          -10.51           5.836
              74           31.21            7.45
              75           65.58           6.653
              76          -32.88           6.197
              77            13.4           6.377
              78           58.65           6.679
              79            89.2           7.046
              80          -74.64           7.721
              81          -33.31           5.879
              82          0.4227           8.289
              83           23.81           5.943
              84          -45.68            7.31
              85             -14           5.944
              86            6.32            6.82
              87            42.4           5.871
              88          -53.53           6.402
              89          -24.99           6.469
              90           31.15            6.26
              91           89.43           6.382
              92           -50.7           5.785
              93           -3.67           8.137
              94           54.83           6.251
              95           93.28           7.039
              96          -77.07           6.525
              97             -40           5.848
              98           10.23           10.13
              99              46           7.474
             100           -73.3           6.346
             101          -33.13           6.126
             102            14.7           7.669
             103           61.98           6.278
             104          -44.69           6.264
             105          -14.26           6.703
             106            50.4            7.28
             107           85.89           6.858
             108          -26.44           6.066
             109          -7.441           6.524
             110           47.75           7.234
             111           103.7           7.491
             112          -76.67            7.44
             113          -39.78           5.772
             114           9.438           7.828
             115           33.43           5.984
             116           -67.8           6.802
             117          -20.27           5.769
             118           30.97           6.554
             119           50.64           5.949
             120          -49.69           6.189
             121          -13.99           6.322
             122           29.06           6.183
             123           70.86            6.56
             124           -33.3           5.567
             125           -9.99           10.18
             126           39.14           6.326
             127           96.56           8.804
APV                2              13               3               0
               0               0               0
               1               0               0
               2               0               0
               3               0               0
               4               0               0
               5               0               0
               6               0               0
               7           2.781           10.37
               8          -32.76           10.94
               9          -10.42           6.834
              10           12.25            15.6
              11           13.55           11.25
              12          -18.92           10.09
              13           4.812           6.645
              14           23.29           14.71
              15           8.528            10.1
              16          -39.86           16.98
              17          -20.82              13
              18          -7.131           21.93
              19           2.198           6.316
              20          -30.38           13.81
              21          -2.111           9.751
              22           9.438           8.976
              23           21.54           6.832
              24          -30.52           11.38
              25          -7.602           8.035
              26           10.42           8.211
              27           26.71           8.876
              28          -2.475           9.975
              29          -11.83           9.802
              30           12.63            9.35
              31           18.11           9.161
              32          -15.94           16.97
              33         -0.9376           7.736
              34           20.34           11.92
              35           9.421           11.35
              36          -23.74           13.01
              37           9.894           6.298
              38           8.926           13.23
              39           5.706           10.13
              40          -7.652           10.54
              41           5.232            6.77
              42           24.93           15.59
              43           25.47           11.34
              44           -8.68           9.488
              45          -5.148           7.412
              46           4.117           14.35
              47         -0.8377            11.4
              48          -12.78           15.75
              49         -0.8934           10.48
              50          -12.16           15.54
              51           6.716           5.917
              52          -27.34           12.85
              53          -18.31           8.424
              54         -0.1675           8.249
              55          -5.399           7.343
              56          -10.14           10.46
              57            8.88           8.257
              58           22.58           8.823
              59           25.33           9.595
              60          -6.171           9.379
              61           2.718           11.05
              62            27.4           9.902
              63           12.12           9.368
              64          -34.95           18.45
              65          -4.353           9.445
              66          -2.046           16.52
              67          -3.452           10.58
              68          -22.93           13.91
              69           22.49           6.605
              70           21.89           13.87
              71           24.42           9.693
              72           -19.7           14.69
              73           7.653            6.78
              74           23.05           13.62
              75           18.91            10.6
              76          -15.76           13.55
              77          -13.39           6.641
              78           17.62           14.37
              79           7.801           12.07
              80          -43.35           18.96
              81           3.772           11.24
              82           4.352            12.9
              83           7.576           5.642
              84          -18.84           14.99
              85          -7.157           9.287
              86           8.983           7.374
              87           13.67           7.005
              88          -1.394           11.85
              89           9.978           9.794
              90          0.1591           7.809
              91           14.16           9.245
              92          -17.68            11.3
              93          -21.76           13.15
              94            16.3           9.042
              95           6.249           10.15
              96          -39.07           20.37
              97          -0.065           7.049
              98          -5.204           14.94
              99           12.34           10.47
             100          -23.27           13.51
             101           6.311           6.449
             102           17.96           13.05
             103           17.38           9.623
             104          -13.41           10.81
             105           6.231           7.184
             106           10.34           14.07
             107           16.11           11.07
             108           2.922           10.67
             109         -0.2591           7.428
             110           20.84           17.16
             111           17.23           11.35
             112          -27.44           17.16
             113          -11.02           9.989
             114          -1.706           10.91
             115           11.05            6.51
             116          -17.39           15.54
             117          -2.887           8.607
             118           17.48           7.417
             119           11.29           7.547
             120          -20.23           11.03
             121          -14.89           9.075
             122         -0.1188           8.786
             123           7.861           10.05
             124          -7.736           11.19
             125          -21.32           15.81
             126           33.32            10.7
             127          -19.86           12.87
APV                2              13               3               2
               0               0               0
               1               0               0
               2               0               0
               3               0               0
               4               0               0
               5               0               0
               6               0               0
               7           21.21           15.55
               8          -26.77            10.4
               9           -14.6           7.704
              10           11.71           18.05
              11            18.9           16.31
              12          -39.47           9.941
              13         -0.6721           8.703
              14           5.185           15.46
              15            39.7           14.82
              16          -12.78           16.39
              17          -17.78           10.47
              18          -13.74           40.97
              19           18.08            9.27
              20          -8.487           13.95
              21          -13.95           10.98
              22           10.19           16.83
              23           11.29           8.192
              24          -29.52           11.41
              25           -18.2           10.47
              26           21.18           10.92
              27           42.02           10.94
              28             -45           10.05
              29          -3.706           16.84
              30           24.84            8.96
              31           35.62           12.22
              32          -19.89           15.89
              33          -35.27           9.977
              34           22.43           13.42
              35           20.27           17.19
              36          -27.59           11.97
              37          -22.01           9.929
              38           6.064           15.75
              39           19.82            14.5
              40          -40.09           10.06
              41          -6.292           7.523
              42           18.43           16.86
              43           8.994           15.52
              44          -32.67           12.79
              45          -15.29           8.155
              46           16.31           14.05
              47           41.26           15.12
              48          -23.43           18.49
              49           -28.9           9.525
              50            15.8           29.99
              51           10.09           8.286
              52          -33.06            13.1
              53          -14.38           9.619
              54           3.186           13.49
              55           21.16           8.705
              56          -25.58           10.71
              57          -17.44           12.11
              58           11.42           10.12
              59           16.32            11.5
              60          -40.99           9.397
              61           -20.2           20.32
              62           -1.87           8.928
              63           54.69           11.47
              64          -7.152           15.99
              65          -29.24           9.284
              66           26.02           24.09
              67           23.51           16.94
              68          -36.03           13.01
              69          -20.78            9.57
              70           12.58           16.94
              71           37.67           13.44
              72          -34.32           10.74
              73          -9.323           7.872
              74           9.302           14.76
              75           40.29           14.77
              76          -32.49           11.86
              77           4.759           7.673
              78            2.35           14.41
              79           46.68           15.71
              80          -22.55           18.08
              81          -18.36           10.57
              82            29.3           24.13
              83           14.63           7.229
              84           -36.7           14.62
              85          -7.895           10.46
              86            9.54           12.84
              87           20.34           8.404
              88           -17.7           11.11
              89          -5.831           14.43
              90           11.19            9.52
              91            28.8           11.72
              92          -32.52           10.63
              93          -19.84           24.39
              94           18.31           8.157
              95            57.6           13.64
              96          -18.93           14.28
              97          -20.74           9.301
              98           5.263           19.74
              99           34.46           16.42
             100          -35.95           12.18
             101          -2.638           10.07
             102           14.42           14.59
             103           13.95           13.48
             104          -40.95            10.3
             105          -9.611           8.406
             106           8.581           14.36
             107           26.34           15.31
             108          -57.05           10.88
             109           -5.51           7.728
             110           25.23            18.4
             111            64.2           16.81
             112          -1.506           17.18
             113          -12.29           9.924
             114          -2.054           20.15
             115           11.28           7.683
             116          -11.76           13.28
             117          -10.94           10.41
             118           6.711           11.52
             119           20.59           9.092
             120          -7.583           10.15
             121          -19.48           14.43
             122           17.53           8.879
             123           38.58           12.85
             124          -33.16           9.991
             125          -25.86           30.76
             126           25.45           8.203
             127           44.57           13.65
APV                2              13               3               4
               0               0               0
               1               0               0
               2               0               0
               3               0               0
               4               0               0
               5               0               0
               6               0               0
               7           19.57           10.79
               8          -37.47           11.48
               9          -36.99           8.331
              10           1.644           14.45
              11            27.6           10.01
              12          -25.35           9.747
              13          -23.85           8.577
              14           6.332           10.43
              15            39.1           9.746
              16           1.059           15.24
              17          -27.15           8.172
              18           -4.21           42.79
              19           24.95           12.27
              20          -27.39           11.78
              21          -30.79           7.263
              22           1.091            15.7
              23           33.25           8.716
              24          -15.89           11.29
              25          -48.79           8.101
              26           11.61           10.56
              27           41.31           8.963
              28          -26.06           8.427
              29          -18.27           16.07
              30           6.177           10.13
              31           36.48           10.79
              32          -14.08           17.06
              33          -13.37            8.47
              34           9.298           11.71
              35            34.5           11.91
              36           -32.9           11.49
              37          -16.33           8.031
              38          -5.596           13.79
              39           33.63           9.403
              40          -28.51            10.8
              41           -15.1           7.692
              42           18.49           15.38
              43           44.86           9.422
              44          -41.65           10.89
              45          -25.35           8.603
              46            10.3           10.19
              47           57.77           10.94
              48          -19.91           18.94
              49          -29.33           7.658
              50          -5.608           29.76
              51           24.61           8.808
              52           -32.1           12.03
              53          -21.46           7.686
              54          -19.36           15.76
              55           35.49           9.491
              56          -18.67           11.86
              57          -9.404           9.337
              58           2.234           11.62
              59            30.6           9.971
              60          -22.82           8.514
              61          -30.05           17.17
              62            21.2            8.97
              63           58.78           12.43
              64          -49.27           12.73
              65          -5.654           7.777
              66          -4.246            24.9
              67           23.08           14.07
              68          -45.63            11.7
              69          -20.47            7.76
              70           7.997           17.73
              71           42.22           10.64
              72          -17.04           9.767
              73          -18.36            7.49
              74              18           11.57
              75           46.58           9.318
              76          -34.28           8.093
              77           4.106           8.054
              78           9.233           9.766
              79           47.72           10.41
              80          -18.73           16.65
              81          -28.94           8.188
              82          0.3922            22.7
              83           31.16           8.663
              84          -36.27           12.44
              85          -25.21           7.221
              86           4.671           10.78
              87           31.93           8.055
              88          -31.95           9.544
              89          -24.19           12.79
              90            4.88           9.669
              91           43.02           9.139
              92          -17.03           7.758
              93           -13.9            24.1
              94           8.873           10.03
              95           56.55            10.8
              96          -14.35            13.5
              97          -13.98           7.833
              98            11.1           17.98
              99           9.344           12.71
             100           -28.5           11.11
             101          -21.62           7.819
             102           5.642           14.65
             103           37.11           9.135
             104          -14.32           8.853
             105           -8.12           10.93
             106           20.13           13.36
             107           51.42           9.561
             108          -38.33           8.324
             109          -23.41           8.159
             110           27.28           15.16
             111           60.43           11.15
             112          -23.47            17.4
             113          -19.34           7.444
             114          -1.601           21.41
             115           32.96           7.984
             116          -23.39           11.17
             117          -34.34           7.648
             118          0.1776           12.65
             119           45.49           9.502
             120          -9.041           9.875
             121          -46.36           11.14
             122           11.33           8.738
             123           48.63           10.02
             124           -28.1           7.576
             125          -28.87           28.08
             126           15.09           7.907
             127           103.9           12.02
APV                2              13               3               6
               0               0               0
               1               0               0
               2               0               0
               3               0               0
               4               0               0
               5               0               0
               6               0               0
               7           26.76           11.73
               8          -68.76           13.79
               9          -12.47           8.319
              10           26.41           7.041
              11           45.29           13.47
              12          -53.15           12.08
              13           12.35           6.591
              14           24.41           7.955
              15           38.19           16.63
              16          -26.33           13.76
              17          -42.46           9.784
              18          -6.332           9.105
              19           17.49           9.475
              20          -67.59           13.88
              21          -22.44           8.273
              22           8.473           6.342
              23           34.48           11.66
              24          -43.35           12.11
              25          -18.97           7.123
              26           14.05           7.002
              27           35.91           14.45
              28          -52.47           10.16
              29          -15.19           6.488
              30           36.72            8.68
              31           61.15           18.05
              32          -43.55           14.57
              33          -35.65           9.529
              34           6.197           6.496
              35           10.19           9.505
              36          -55.98           14.34
              37          -32.69           8.141
              38           28.38           6.839
              39           32.93           12.41
              40          -59.92           12.47
              41           -11.2           7.358
              42           25.87           7.579
              43           36.33           15.22
              44          -49.56           9.778
              45            1.93           7.042
              46           21.61           8.276
              47           74.97           18.98
              48          -37.27           13.98
              49          -46.39           8.686
              50           24.21           7.845
              51           21.99           10.21
              52          -30.67            13.9
              53          -38.95           7.686
              54           1.792           6.825
              55           29.74           13.27
              56           -49.2           11.31
              57          -30.69           6.571
              58           17.78           7.971
              59           48.57           16.01
              60           -28.6           9.192
              61          0.7698           6.698
              62           23.01           9.024
              63           79.99           19.81
              64          -45.13           13.57
              65           -32.6           11.31
              66           10.48           8.425
              67           36.64           8.428
              68          -45.21           14.65
              69          -22.84           8.845
              70           23.89           7.015
              71           49.03           10.93
              72          -47.04           13.47
              73          -13.77           8.059
              74           19.29            6.97
              75           66.04           13.94
              76          -39.52           11.18
              77         -0.2576           7.045
              78           23.22           7.543
              79           71.23           17.21
              80          -37.35           14.77
              81          -15.46           10.62
              82          -3.898           6.948
              83           14.13            8.95
              84           -78.2           14.43
              85          -22.95           8.704
              86           4.061           5.979
              87           28.23           11.43
              88          -60.08           11.79
              89          -9.684           7.194
              90           21.61           6.898
              91           74.86           14.93
              92          -40.87           10.21
              93          -9.448           6.923
              94           36.86           13.04
              95           74.37           17.96
              96          -38.23           14.21
              97          -46.43           9.749
              98           17.67            7.72
              99           30.08           9.816
             100           -46.3           14.35
             101          -30.65           8.356
             102           19.92           6.864
             103           33.82           12.31
             104          -37.42           12.01
             105          -24.96           7.986
             106            19.6           7.139
             107           68.76           15.42
             108          -41.55            9.94
             109          -4.205           6.938
             110           22.77           8.571
             111           87.91           19.03
             112          -51.07           14.55
             113          -39.38           9.219
             114            17.9           6.669
             115           36.27           10.11
             116          -48.73           13.74
             117           -20.9           7.984
             118           14.83           6.354
             119           44.92           13.08
             120          -48.12           11.27
             121          -24.61           6.772
             122           15.94           7.201
             123           78.93           16.06
             124           -35.5           9.323
             125           4.328           7.209
             126           8.531           7.865
             127           98.29           19.67
APV                2              13               3               8
               0               0               0
               1               0               0
               2               0               0
               3               0               0
               4               0               0
               5               0               0
               6               0               0
               7           33.89           12.61
               8          -32.93           18.59
               9          -39.98           7.864
              10          -21.47           6.743
              11           38.91           12.81
              12          -26.38           15.58
              13          -18.52           5.912
              14           21.17           8.232
              15           66.57            15.6
              16          -13.13           16.23
              17          -37.06           11.17
              18          -20.18           12.24
              19          -2.356           12.43
              20          -15.59           17.12
              21          -36.75           8.141
              22          -13.18           9.155
              23           42.04           13.49
              24          -16.54           17.33
              25          -33.49           6.302
              26           2.702           9.761
              27            61.3           15.06
              28          -32.11           14.17
              29          -33.34           6.598
              30          -13.29           11.21
              31           68.25           16.93
              32           -15.7           18.13
              33          -27.48           10.61
              34          -17.43           6.361
              35           28.29           9.643
              36          -23.66           17.97
              37          -32.88           7.621
              38           -5.57           6.755
              39            49.8           12.55
              40          -25.76           16.89
              41          -26.65           6.693
              42          -12.95           7.583
              43            47.4           14.48
              44          -27.43            11.3
              45          -16.29           6.839
              46           10.74           9.414
              47           73.25           17.14
              48           -14.5           18.14
              49          -48.67            9.99
              50          -23.81           10.35
              51           19.79           12.68
              52             -24           17.73
              53          -36.87           7.284
              54          -20.18           9.316
              55           37.45           14.25
              56          -26.75           15.95
              57          -25.08             5.9
              58          -5.074           10.59
              59           56.42           15.83
              60          -14.65           11.83
              61          -40.24           8.299
              62            2.32           12.04
              63            96.9           18.43
              64          -8.978           15.18
              65          -29.22            13.2
              66          -12.98           8.475
              67            6.16           8.265
              68          -23.35           17.71
              69          -9.852           9.408
              70           3.047           6.483
              71           38.37           11.36
              72          -19.52           17.19
              73          -31.96           7.558
              74          -16.07           6.658
              75           63.68           13.42
              76          -25.83           13.98
              77          -27.44           6.163
              78           4.811           7.977
              79           110.9           15.68
              80          -6.872           17.39
              81          -47.52            12.7
              82          -21.15           7.664
              83           34.78           11.23
              84          -27.39           18.05
              85          -29.23           8.872
              86           29.72           7.619
              87           40.46            12.9
              88          -18.04           16.48
              89           -31.2           6.117
              90           8.091           9.075
              91           68.65           14.55
              92          -30.03           14.06
              93          -41.32           7.151
              94         -0.1067           10.62
              95           108.5           16.47
              96          -10.02           16.71
              97          -15.68           11.07
              98          -16.14           7.163
              99           22.92           9.684
             100          -18.13           17.95
             101          -32.68           8.111
             102          -2.701           6.502
             103           75.77           12.37
             104           -24.9           15.64
             105          -30.89           7.508
             106           14.97           7.484
             107           50.13           14.39
             108          -29.56           12.51
             109          -18.09           6.539
             110          -3.013           8.355
             111           91.12            16.8
             112          -25.76           17.94
             113          -22.69           10.82
             114           8.104           8.043
             115           33.83           12.09
             116          -26.13           17.45
             117          -25.27           7.308
             118          -6.653           8.343
             119           56.72            13.8
             120          -39.44            15.1
             121          -26.17           5.808
             122           8.956           9.979
             123           59.92           15.37
             124          -28.03           12.25
             125          -29.36            9.44
             126          -9.979            11.5
             127           120.4           18.19
APV                2              13               3               1
               0               0               0
               1               0               0
               2               0               0
               3               0               0
               4               0               0
               5               0               0
               6               0               0
               7           15.88           7.984
               8          -24.51           7.031
               9          -10.17           5.882
              10           7.801           9.112
              11          0.4131           8.545
              12          -21.26           7.257
              13          -11.27           5.541
              14           13.95           8.349
              15           43.01           8.707
              16           -27.4           8.135
              17          -17.15            7.28
              18          -4.062           13.73
              19         -0.4411           5.934
              20          -53.38           8.269
              21          -17.04           6.676
              22           11.48           6.832
              23           6.885           5.926
              24           -39.9           7.237
              25          -8.668           6.173
              26           9.965            5.86
              27           32.17           7.319
              28          -23.56           6.903
              29           11.37           6.737
              30           36.56           5.992
              31           66.15           8.135
              32          -36.08           8.265
              33          -26.51           6.492
              34           -15.3           7.739
              35           5.946           7.992
              36          -37.77           7.804
              37          -12.79           5.883
              38           7.072           8.103
              39           7.152           7.797
              40          -37.44           7.206
              41          -9.106           5.716
              42           21.68           9.116
              43           20.48           8.843
              44          -31.74           7.067
              45          -8.933           6.738
              46           4.146           8.102
              47           58.85           9.499
              48           -50.5           8.039
              49           -21.4           6.733
              50          -8.569           10.09
              51           10.67           5.804
              52          -37.82           7.758
              53           5.362           6.213
              54           29.93           6.099
              55           20.55           6.249
              56          -24.74           6.986
              57          -17.62           6.117
              58          0.6597            5.94
              59           21.88           7.712
              60          -5.286           6.506
              61          0.1023           7.352
              62           18.16           6.223
              63            61.6           9.974
              64          -52.74           8.074
              65          -25.31           6.233
              66          -5.586           10.51
              67           10.91           7.738
              68          -34.95           8.244
              69           5.814           5.922
              70           18.59           8.795
              71           2.891           7.343
              72          -25.16           7.673
              73           7.178            5.64
              74          -1.899           8.289
              75           16.08           8.354
              76          -25.71           7.335
              77           -4.07           5.797
              78           26.31           8.257
              79           70.02           9.127
              80          -54.13           8.131
              81          -29.02           6.949
              82          -3.467           8.343
              83           9.826           5.648
              84          -32.99           8.442
              85          -2.096           6.501
              86           21.17           5.911
              87           21.36           6.003
              88          -21.47           7.283
              89          -21.48           6.654
              90           4.803           5.713
              91           33.89           7.549
              92          -29.04           6.997
              93         0.06253           8.335
              94           16.35           5.827
              95            98.2           8.699
              96          -43.03            8.02
              97          -1.162           5.995
              98           8.043           9.655
              99           10.97           8.248
             100          -33.13           8.016
             101          -7.624           5.932
             102          -5.648            7.89
             103           8.478           7.516
             104          -31.98           7.253
             105          -7.458           6.538
             106           6.071           8.422
             107           30.06           8.984
             108          -12.04           6.713
             109           8.023            6.61
             110            37.2           9.418
             111           103.3           9.949
             112          -56.62           7.927
             113           -22.8            6.49
             114           4.094           7.513
             115           5.212           5.733
             116          -47.23           7.898
             117           -11.7           6.108
             118            24.5           5.619
             119           10.02           6.331
             120          -30.98           6.978
             121          -11.71           6.425
             122           6.614           5.844
             123           40.46           8.173
             124           -12.9           6.653
             125          -1.153           9.977
             126           36.37           6.508
             127           93.89           10.42
APV                2              13               3               3
               0               0               0
               1               0               0
               2               0               0
               3               0               0
               4               0               0
               5               0               0
               6               0               0
               7           43.92           8.709
               8           -48.5           8.455
               9          -50.19           6.628
              10          -8.424           8.384
              11           50.11           8.666
              12          -51.85           8.384
              13          -31.44           6.359
              14           23.54           7.683
              15           73.31           8.794
              16          -30.16           9.518
              17          -22.33           7.048
              18           -18.5           17.01
              19           34.74           7.431
              20          -45.98           8.454
              21          -38.21           6.893
              22          -26.59           8.576
              23           47.68           7.126
              24          -49.09            7.82
              25          -34.83           7.059
              26          -8.976            7.42
              27           86.57           7.899
              28          -29.65           7.204
              29          -35.68           8.428
              30           12.34           7.336
              31            84.5           8.547
              32          -50.36           9.633
              33          -44.79           7.101
              34          -8.038           7.745
              35           23.94           7.964
              36          -44.94           8.539
              37          -17.58           6.606
              38           7.168           8.314
              39           61.97            8.44
              40          -60.47            8.02
              41          -27.21           6.471
              42           2.337           8.539
              43            78.4           8.928
              44          -33.19           7.738
              45          -21.58           7.188
              46           16.58           7.244
              47           94.22           9.236
              48          -36.75           10.01
              49          -48.49           7.011
              50          -8.415           13.42
              51           33.38           7.194
              52          -54.59           8.257
              53          -22.11           6.678
              54           -11.6           8.101
              55           71.63           7.597
              56          -44.24           7.744
              57          -36.36           7.074
              58           2.658           7.244
              59           61.17           8.104
              60          -30.62           6.842
              61          -23.67           9.468
              62           19.75           6.863
              63           116.8           9.434
              64          -64.42           9.078
              65          -28.46           7.044
              66          -24.68            11.8
              67           27.07           8.767
              68          -41.58           8.652
              69          -28.41           6.605
              70          -11.46           8.734
              71           63.27            8.19
              72          -38.67           8.191
              73          -33.91           6.355
              74           7.748           7.548
              75           80.26           8.537
              76          -17.11           7.482
              77          -18.48           6.529
              78           39.27           7.615
              79            96.3           9.405
              80          -54.12           9.561
              81           -32.5           7.018
              82          -12.42           10.46
              83           39.62           6.803
              84          -58.52            8.65
              85          -31.96           6.843
              86          -18.36           7.329
              87           61.06            7.07
              88          -61.31           7.504
              89          -29.11           7.848
              90          -0.014           7.015
              91           88.66           8.055
              92          -28.99           7.091
              93          -22.46           10.61
              94           25.55           6.952
              95           113.7            9.27
              96          -50.22           8.948
              97          -38.87           6.783
              98           -30.1            9.97
              99           41.43           8.691
             100          -40.54           8.348
             101          -32.65            6.55
             102          -1.389           8.018
             103           69.08            8.27
             104          -60.32           7.963
             105           -20.3           7.349
             106           16.66           7.676
             107           89.43           9.093
             108          -30.98           7.035
             109           -21.1           6.899
             110           21.55           8.307
             111           134.7           9.766
             112          -40.59           9.339
             113          -18.29           6.833
             114          -22.94           9.925
             115           35.95           7.123
             116          -29.42           8.145
             117          -23.29           6.566
             118          -12.86            7.26
             119           74.59           7.592
             120          -33.33           7.359
             121          -25.95           7.524
             122           12.39           6.743
             123           85.79           8.436
             124          -20.22           6.763
             125          -62.91           12.83
             126            27.2           6.911
             127           130.7           10.03
APV                2              13               3               5
               0               0               0
               1               0               0
               2               0               0
               3               0               0
               4               0               0
               5               0               0
               6               0               0
               7           46.85           11.66
               8          -33.13           10.85
               9          -16.43           8.695
              10          -10.97           10.68
              11           61.06           12.85
              12          -53.93           11.13
              13          -18.76           8.732
              14           9.763            9.34
              15           81.77           12.99
              16           -14.2           10.58
              17          -20.08           9.333
              18          -30.75           17.49
              19           35.98           8.311
              20          -44.74           9.832
              21          -37.93           8.212
              22          -3.832           8.617
              23           37.66           8.896
              24          -60.05           9.319
              25          -28.81            8.14
              26          -8.638           7.896
              27           30.93           11.58
              28          -48.23           9.386
              29          -23.17           9.051
              30           10.77            8.29
              31           73.38           12.04
              32          -6.588           10.86
              33          -24.15           10.29
              34          -1.679           8.688
              35           24.83           11.76
              36          -36.63           10.16
              37          -25.28           9.157
              38           3.253           9.182
              39           49.86           11.48
              40          -46.53           10.13
              41          -23.72           7.871
              42           7.606           10.39
              43           64.56           13.23
              44          -36.26           10.13
              45          -27.13           8.556
              46           8.395           9.872
              47           75.12           13.13
              48          -20.35           10.14
              49          -26.07           8.579
              50          -5.976           12.31
              51           44.15           9.243
              52          -46.39           9.806
              53          -28.18           8.967
              54          -10.54            8.14
              55           24.83           10.34
              56          -47.62           9.055
              57          -41.53           8.814
              58          -16.55           7.765
              59           85.67           11.99
              60          -47.41           8.149
              61          -17.16           9.342
              62           9.231           7.896
              63           95.17           12.43
              64          -27.28           11.44
              65          -34.48            9.47
              66           5.667           11.84
              67           33.15           10.54
              68          -49.65           10.72
              69          -23.37           8.372
              70          -5.462           10.16
              71           31.28           11.64
              72          -69.73           10.73
              73          -7.857           9.067
              74          -7.421           9.394
              75           81.08           12.68
              76          -27.95           10.68
              77          -6.626           8.649
              78           23.51           8.911
              79           89.56           13.82
              80          -30.69              11
              81          -11.18           9.083
              82          -8.153           11.95
              83           21.74           7.942
              84          -14.59           10.34
              85          -28.81           8.271
              86          -6.583           7.718
              87           55.91           9.334
              88          -28.46            9.65
              89          -9.599           8.819
              90           10.93           7.851
              91           64.93           12.09
              92          -43.02           9.565
              93          -20.89           11.54
              94           27.57           7.973
              95           107.1           13.07
              96          -25.25            10.9
              97          -32.78           10.15
              98          -20.56           10.44
              99           35.18           11.53
             100          -46.27           10.16
             101          -27.82           8.438
             102          -17.08           8.854
             103           63.36           11.15
             104           -63.2           10.23
             105          -28.21            8.37
             106           1.544           9.755
             107           74.08           13.25
             108          -41.18           9.958
             109          -12.82           8.298
             110           34.81           11.28
             111           119.3           13.99
             112          -29.48           10.17
             113          -35.87           9.136
             114          -18.82           9.658
             115           35.09           9.362
             116          -37.28           9.821
             117          -32.83           8.907
             118          -18.65           7.855
             119           48.11           10.31
             120          -43.55           8.802
             121          -26.49           8.877
             122          -3.868           7.485
             123           72.95           12.28
             124          -42.78           8.262
             125          -17.51           12.08
             126           11.07           8.173
             127           145.1           13.97
APV                2              13               3               7
               0               0               0
               1               0               0
               2               0               0
               3               0               0
               4               0               0
               5               0               0
               6               0               0
               7            25.2           16.17
               8          -55.54           9.619
               9          -25.02           10.45
              10            14.4           14.86
              11           44.43           19.26
              12          -39.71           10.41
              13          -2.774           9.931
              14           15.34           12.99
              15           68.65           19.59
              16           14.62           9.454
              17          -28.98           9.391
              18          -7.659           36.41
              19          -2.749           7.508
              20          -35.56           9.387
              21          -21.35           11.33
              22           6.917            15.2
              23           42.55           10.77
              24          -48.09           8.508
              25          -28.27           11.37
              26          0.9862           8.384
              27           44.25           15.06
              28           -39.6           8.593
              29          -27.38           15.52
              30           20.64           7.118
              31           71.59           18.37
              32          -31.64            9.44
              33          -25.77           12.18
              34           12.01           11.48
              35           31.53           17.39
              36          -46.61           9.372
              37           -28.4           12.32
              38          -8.256           13.29
              39           33.67           17.02
              40          -43.83           9.955
              41          -18.79           9.263
              42           13.71           15.07
              43            56.4           18.66
              44          -38.54           14.25
              45          -19.53           8.103
              46         -0.2948           11.19
              47           74.09           20.31
              48          -17.78           9.774
              49          -21.28           8.839
              50           10.47           25.74
              51           16.01           8.188
              52          -46.12           8.624
              53          -36.13            10.3
              54           5.104           11.45
              55           33.55           12.57
              56          -46.47           8.195
              57           -10.9           11.61
              58           3.954           7.452
              59           46.16           16.16
              60          -34.63           8.275
              61          -21.84           17.37
              62         -0.2019           7.269
              63           78.25           18.89
              64          -37.05           10.03
              65          -11.14           12.45
              66          -2.289           18.52
              67           12.57           18.26
              68          -54.21            10.1
              69          -16.68           12.19
              70           6.548           13.66
              71           48.38           16.67
              72          -42.83           10.63
              73           -28.2           10.22
              74           5.951           12.18
              75           44.03           17.69
              76          -33.91           13.37
              77           -16.8           9.644
              78           12.35           11.62
              79           91.13           20.22
              80          -25.52           9.328
              81          -25.77           9.869
              82          -12.47           22.11
              83           27.68           8.556
              84          -59.63            9.53
              85          -21.36            11.6
              86           9.404           12.24
              87           48.13           12.02
              88          -41.05           8.887
              89          -9.528           14.42
              90           3.609           7.859
              91           61.57           16.05
              92          -23.77           9.231
              93           -9.88           22.25
              94           15.46           7.109
              95           92.72           20.27
              96          -28.89            9.66
              97          -27.67           12.15
              98           1.594           15.62
              99           20.92           19.02
             100          -50.68            9.74
             101          -22.53           12.04
             102          -17.12           11.51
             103           44.71           16.88
             104          -44.83           11.79
             105          -3.219           8.351
             106           9.365           12.24
             107           59.83           19.09
             108          -8.405           12.53
             109          -14.28           8.185
             110           12.55           15.89
             111           72.61           22.07
             112          -48.25           8.851
             113          -48.71           9.657
             114           4.299           17.68
             115           18.96           9.095
             116          -53.21           9.282
             117          -6.357           11.56
             118           9.763           10.08
             119           44.88           13.25
             120          -42.65           8.781
             121          -24.33           14.29
             122            35.2           7.103
             123           58.86           17.73
             124          -13.18           8.802
             125          -10.41           27.03
             126           10.13           7.368
             127             129           21.49
APV                2              13               3               9
               0               0               0
               1               0               0
               2               0               0
               3               0               0
               4               0               0
               5               0               0
               6               0               0
               7           70.26           21.58
               8          -43.61           24.39
               9          -63.71           12.11
              10           11.68           10.24
              11           49.53           26.63
              12           -40.2           19.29
              13          -48.35           8.501
              14           41.83           12.54
              15           94.25           37.06
              16          -75.91           27.76
              17          -45.83           16.36
              18          -35.81           14.64
              19           56.67           14.24
              20          -73.67           27.53
              21          -34.17           13.93
              22           6.353           8.068
              23           65.89           20.81
              24          -45.06           21.64
              25          -53.27           10.16
              26           12.62            9.11
              27           62.21           28.94
              28          -26.56           16.77
              29          -59.75           8.604
              30           43.61           12.74
              31           99.87           40.04
              32          -58.82           28.92
              33          -47.52           16.69
              34          -25.54           8.278
              35            64.4           16.71
              36          -85.09           26.72
              37          -64.28           13.23
              38           3.612           9.462
              39           56.44           23.28
              40          -43.89           21.97
              41          -48.23           10.22
              42           32.62            11.6
              43           79.19           31.62
              44          -40.27           15.96
              45           -39.4           8.293
              46           44.25           14.49
              47           99.07           44.25
              48          -66.37           26.21
              49          -52.14           14.29
              50          -25.63           10.93
              51           49.71           16.83
              52          -58.05           25.42
              53          -44.77           11.96
              54            5.96           8.079
              55           67.23           24.38
              56          -41.12           18.46
              57          -50.07            8.61
              58           29.79           11.06
              59           77.56           33.62
              60          -16.71           13.86
              61          -40.38           8.883
              62           42.55           15.01
              63           101.6           50.27
              64          -59.18           27.02
              65          -54.01            19.4
              66          -2.846           11.51
              67           57.75           13.68
              68          -68.72           30.34
              69          -49.59            15.9
              70           9.306           9.707
              71           75.32           19.31
              72          -37.34           24.63
              73          -32.01           12.51
              74           18.25            9.41
              75           72.95            25.8
              76          -29.92           19.69
              77          -35.82            9.19
              78           51.94           11.65
              79           101.7           35.14
              80          -69.42           29.05
              81          -35.81           18.08
              82          -14.82           10.57
              83              44           13.39
              84          -49.47           29.62
              85          -52.11           14.74
              86           16.43           7.382
              87            57.7            19.6
              88          -52.59           21.97
              89          -46.45           10.92
              90           52.13           8.433
              91           96.14           27.98
              92          -27.52           17.46
              93          -44.66           10.45
              94           39.66           11.53
              95             113           37.84
              96           -77.4           28.09
              97          -28.86            17.3
              98         -0.0086            10.1
              99            59.6           16.21
             100          -57.99           27.87
             101          -58.81           13.76
             102           2.242           9.126
             103           50.33           21.68
             104          -53.24           21.61
             105          -43.31           10.36
             106           39.67           10.55
             107           71.79           30.19
             108          -32.16           16.84
             109          -20.58           8.475
             110           51.72           13.96
             111           113.1           41.38
             112          -68.08           27.75
             113          -36.03           15.62
             114          -16.89           8.773
             115           31.53           15.56
             116          -60.22           26.48
             117          -55.76           12.25
             118            27.4           7.552
             119           68.47           23.07
             120          -26.95           19.04
             121          -28.98           9.365
             122           35.47           10.03
             123           100.3           32.19
             124          -42.11           14.96
             125          -48.94           11.06
             126           39.77           14.04
             127           140.7           46.81
APV                2              13               2               0
               0               0               0
               1               0               0
               2               0               0
               3               0               0
               4               0               0
               5               0               0
               6               0               0
               7           8.833           10.36
               8          -58.17           12.69
               9          -24.91           7.293
              10          -4.134           10.92
              11           16.36           10.43
              12           -38.4           12.03
              13           10.22           7.136
              14           30.54           10.81
              15           38.39           14.34
              16          -38.93           12.21
              17          -7.525           9.323
              18          -25.42           13.96
              19            11.3           7.719
              20          -50.64           12.87
              21          -15.09           8.171
              22            1.69           8.412
              23           14.19           8.313
              24          -62.52           11.58
              25          -33.18           7.507
              26           33.19           8.301
              27           47.63            9.39
              28          -55.15           10.43
              29          -5.432            7.84
              30           11.12           8.364
              31           28.74           9.683
              32          -48.05           14.39
              33          -28.66           8.949
              34           9.618           9.069
              35           11.25           10.26
              36          -69.54            13.5
              37          -2.867           7.599
              38           35.03           10.48
              39           38.71            10.3
              40          -39.18           12.31
              41           6.263            7.67
              42           14.52            10.3
              43           26.02           26.73
              44          -48.75           10.09
              45            23.9           8.113
              46           32.11           10.13
              47           66.27           10.42
              48          -63.47           12.66
              49         -0.5686           8.817
              50           3.607           10.58
              51           23.51            7.76
              52          -62.12           12.68
              53           -4.17           7.784
              54           8.224            8.11
              55           26.35           8.531
              56          -44.47           11.16
              57           15.05           7.385
              58           29.27           8.441
              59           40.37            9.48
              60           -30.5           9.563
              61            -3.2           8.622
              62         -0.9153           8.344
              63           57.19           10.94
              64          -43.65           13.39
              65         -0.3022           10.48
              66           20.32           11.29
              67           20.77           10.45
              68           -41.5           12.75
              69           13.82           7.888
              70           15.12            10.6
              71           17.05           10.22
              72          -63.54           14.45
              73          -4.031           7.969
              74           11.59           10.63
              75           49.41           10.57
              76          -28.77           11.84
              77          -12.53            7.37
              78           22.34           10.67
              79           41.35           11.39
              80          -60.99           12.85
              81          -16.88             9.4
              82          -2.087           9.359
              83           14.68           7.811
              84          -60.51           13.08
              85          -2.258            8.21
              86           23.45           7.701
              87           51.06           8.593
              88          -44.58           11.09
              89           2.884           7.827
              90           29.02           8.243
              91           51.44           9.811
              92          -24.39           10.48
              93             1.9           9.207
              94           34.87           8.427
              95           77.27              11
              96          -49.79           14.51
              97          0.7815           8.537
              98           16.71           10.59
              99           32.95           10.79
             100          -64.18            13.4
             101          -13.43           7.684
             102           23.34           10.31
             103           10.43            10.1
             104           -57.5           11.68
             105            6.94           7.948
             106           23.82           9.957
             107           35.33            26.7
             108          -51.11           10.39
             109          -7.123           7.795
             110           37.42           11.73
             111           91.37           12.95
             112           -46.5           14.52
             113          -5.963           8.733
             114           18.84           8.772
             115           20.56           7.849
             116          -69.23           12.82
             117           9.122            7.62
             118           6.082           7.828
             119           44.38           8.831
             120          -46.55           10.69
             121          -18.91           7.568
             122           15.32           8.406
             123           47.93           10.05
             124          -41.75           9.237
             125          -4.516           10.77
             126           21.17           8.621
             127           68.01           12.98
APV                2              13               2               2
               0               0               0
               1               0               0
               2               0               0
               3               0               0
               4               0               0
               5               0               0
               6               0               0
               7           15.92           10.33
               8          -29.63           10.68
               9           -37.3           9.617
              10           3.945           9.347
              11           47.39           12.34
              12          -27.96           10.29
              13          -5.908           9.118
              14           7.808           8.681
              15           53.15           14.95
              16            13.6           12.71
              17          -34.56           9.651
              18           -22.8           15.34
              19          -9.505           7.658
              20          -43.23           10.99
              21          -31.54           9.649
              22           10.57           9.137
              23           38.14            9.34
              24          -33.07           10.24
              25          -25.68           9.506
              26           17.52           7.739
              27           21.13            12.2
              28          -35.41            9.42
              29          -18.12           9.628
              30           24.18           7.334
              31           58.95           14.97
              32           27.61           13.17
              33           -25.9           9.513
              34          -5.276           9.241
              35            3.56           9.447
              36          -41.59           11.09
              37          -23.09           9.502
              38          -20.34           9.065
              39           13.24           11.08
              40          -24.23           9.774
              41             -22           9.322
              42              25            9.45
              43           37.21           13.85
              44          -31.67           9.636
              45          0.9215           9.601
              46           14.51           8.343
              47           79.11           16.36
              48           3.201           12.51
              49          -40.35           9.788
              50          -2.764           12.16
              51           6.182           8.116
              52          -38.15           10.68
              53          -19.53           9.583
              54           3.952           8.296
              55            17.1           10.55
              56          -22.68            10.1
              57          -37.63           9.274
              58           4.226           7.384
              59           13.78           13.49
              60          -13.46           9.485
              61           6.372           10.12
              62           7.791           7.437
              63           78.03           15.62
              64           1.821           13.87
              65          -14.75           8.746
              66          -16.39           11.72
              67            12.4           9.084
              68           -34.3           11.33
              69          -21.12            9.55
              70          -30.22           9.967
              71           20.21           9.958
              72          -36.03           10.23
              73          0.6849           9.532
              74            15.1           8.966
              75           16.49           12.46
              76          -27.02           9.273
              77          -25.03           9.217
              78           7.297           8.485
              79           102.5           16.35
              80            6.82           13.64
              81          -26.86           9.673
              82           2.664           10.92
              83              -2           7.293
              84          -29.02           11.28
              85          -11.12           9.824
              86           9.385           8.511
              87           36.57           9.268
              88           -34.9           9.876
              89          -17.76           9.721
              90           2.684           7.517
              91           78.09            12.6
              92          -42.97           9.267
              93          -38.96           11.09
              94           17.43            7.24
              95           91.28           15.96
              96           9.221            12.4
              97          -32.74           9.162
              98          -12.06           10.86
              99           8.533           9.685
             100           -26.6           10.99
             101          -23.21           9.665
             102          -2.469           9.121
             103           24.75           10.97
             104          -18.46            10.2
             105          -12.66           9.841
             106           5.687            8.59
             107           42.77           13.89
             108          -18.84           9.128
             109          -33.64           9.277
             110           27.82           8.985
             111           106.3           16.96
             112          -5.479           12.74
             113          -17.12           9.656
             114          -24.09           10.05
             115            17.2           7.999
             116          -26.65           10.54
             117          -32.81           9.571
             118           1.145           7.965
             119           12.46           10.55
             120          -36.96           9.529
             121          -16.04           9.642
             122          -10.35           7.204
             123           46.15           13.78
             124          -17.72           9.176
             125          -15.49            12.3
             126           11.19           7.249
             127           126.7           17.14
APV                2              13               2               4
               0               0               0
               1               0               0
               2               0               0
               3               0               0
               4               0               0
               5               0               0
               6               0               0
               7           27.06           8.526
               8          -33.32           10.06
               9          -2.519           6.984
              10           2.592           7.404
              11           43.97           9.147
              12          -50.58           9.592
              13          -1.072           6.641
              14           37.46           7.381
              15           38.24           10.77
              16          -63.28           9.298
              17          -38.79           7.637
              18           3.234           12.46
              19           13.94           7.188
              20          -30.07           9.835
              21          -23.04           6.948
              22           2.916           7.534
              23           26.89           7.795
              24          -55.12           9.209
              25          -22.04           6.866
              26           25.23           6.811
              27           36.61           9.087
              28          -38.75            8.32
              29          -9.102           7.433
              30           22.85            6.71
              31           54.72           11.48
              32          -41.83           10.09
              33          -26.68           7.966
              34           23.21           7.274
              35            35.4           7.912
              36           -50.3           10.15
              37          -14.89             6.9
              38           10.72            7.53
              39           39.27           8.814
              40           -48.9            9.77
              41          -10.93           6.798
              42           18.61           7.608
              43           38.13           9.757
              44          -41.63           8.646
              45           10.19           7.516
              46            27.2           7.216
              47            47.8           13.09
              48          -48.43           9.901
              49          -24.45           7.447
              50           5.831           9.841
              51           18.04           7.322
              52           -42.6           9.568
              53          -13.56           6.654
              54           28.94           7.143
              55           32.39           8.126
              56          -57.16           8.687
              57          -16.97           7.032
              58           29.55           6.779
              59           31.38           9.994
              60          -29.83           7.606
              61          -2.444           8.055
              62           29.32           6.907
              63           55.47           14.23
              64          -42.49           9.832
              65          -37.88           8.236
              66            21.4           8.723
              67           33.88           7.939
              68          -37.01           9.891
              69          -8.693           7.139
              70           10.65            8.56
              71           37.63           8.463
              72          -41.74           9.861
              73          -9.593           6.653
              74            50.8           7.376
              75           35.86           9.175
              76          -38.46           8.906
              77           8.562           6.705
              78           14.55           6.984
              79            39.8            11.2
              80          -38.44           9.861
              81          -29.07           7.701
              82           15.59           8.802
              83           22.78           6.998
              84          -49.85           9.824
              85          -3.788           7.011
              86           18.59           7.811
              87           39.11           7.875
              88          -63.14           8.857
              89          -10.18           7.177
              90           27.33           6.681
              91            32.1           9.202
              92          -40.15           8.037
              93           1.124           8.657
              94           10.49           6.578
              95            68.3           11.71
              96          -43.01           9.689
              97          -30.11           7.513
              98           3.895           8.129
              99          -1.718           8.454
             100          -55.66           10.08
             101           5.872           6.993
             102           26.71           7.407
             103            40.7           8.601
             104          -29.02           9.607
             105          -18.66           7.189
             106           18.31           7.216
             107           43.67           9.952
             108          -35.51           8.402
             109           -17.1           7.136
             110           26.59           7.544
             111           59.02           12.94
             112          -37.61           9.807
             113          -37.15           7.212
             114           1.231            8.12
             115           19.41           7.262
             116          -53.14           9.505
             117          -9.079           6.714
             118           23.69           6.815
             119           23.52           8.268
             120          -37.01           8.437
             121           -3.89           7.145
             122           29.51           6.623
             123           32.44           10.01
             124          -39.91           7.596
             125          -17.26           9.881
             126           30.32           6.765
             127           63.88           14.27
APV                2              13               2               6
               0               0               0
               1               0               0
               2               0               0
               3               0               0
               4               0               0
               5               0               0
               6               0               0
               7            32.9           23.01
               8          -53.43           24.08
               9          -37.64           9.053
              10           4.241           18.83
              11           43.09           23.15
              12          -57.69           16.69
              13          -15.04           10.53
              14           30.91            19.9
              15            68.2           24.53
              16          -18.93            29.8
              17           -37.5           11.46
              18           -28.3            11.4
              19           17.45           18.63
              20          -59.19           26.77
              21          -51.32           8.257
              22          -25.66           13.48
              23           37.86           22.08
              24          -42.62           21.37
              25          -30.86           8.607
              26           11.93           17.14
              27           54.47           23.38
              28          -67.41            14.5
              29          -14.21           10.41
              30          -3.071           19.23
              31           87.75           24.98
              32          -23.26           31.08
              33          -52.25           11.05
              34           15.94            14.6
              35           51.21           21.35
              36          -66.29            26.7
              37          -32.51            8.09
              38          -4.973           16.87
              39           37.14           22.67
              40          -74.02           18.95
              41          -10.13           9.367
              42           17.96           19.32
              43           62.84           23.97
              44          -38.13           12.67
              45           21.29           12.83
              46           39.76           20.62
              47           78.58            24.9
              48          -54.36           29.84
              49          -30.52           9.946
              50           8.268           12.27
              51           14.58           20.22
              52          -51.07           25.34
              53          -27.31           8.121
              54          -3.632           15.49
              55           67.97           22.59
              56          -40.96           17.74
              57          -4.753           9.707
              58          -2.872           18.06
              59           65.34            23.9
              60          -57.66           11.69
              61          -22.84           11.51
              62           31.33           20.24
              63           91.84           24.21
              64          -44.56           27.52
              65          -43.38           12.78
              66          -14.56           11.45
              67           30.85           13.47
              68          -48.79           29.45
              69          -25.83           9.038
              70          -6.549           11.65
              71           36.28           13.13
              72          -58.85           24.44
              73          -12.99           8.257
              74            14.4           12.22
              75           73.15           13.42
              76          -46.72           17.04
              77          -9.335           13.09
              78           31.91           13.33
              79           81.14           14.06
              80          -43.96            30.5
              81          -5.127           12.87
              82           4.964           13.55
              83           53.77           13.72
              84          -49.47           28.87
              85          -14.66           8.624
              86          -10.62           13.05
              87            56.3           13.83
              88          -67.49           21.87
              89          -14.56           7.875
              90           20.48           13.32
              91           69.73           13.79
              92          -55.35           15.34
              93           3.696            14.2
              94           48.23           14.34
              95           109.3           14.13
              96           -56.6            30.8
              97          -40.78           11.28
              98          -4.521           11.04
              99           43.64           12.71
             100          -61.69           27.92
             101          -20.49           8.174
             102           21.51           11.96
             103           54.01           13.37
             104          -70.33           20.76
             105          -6.963           9.637
             106           29.91           12.39
             107           67.82           13.52
             108          -53.81           13.55
             109         -0.6683           12.88
             110           43.49            13.1
             111           87.13           13.92
             112           -47.7           30.57
             113          -30.15           10.43
             114              14           13.07
             115           35.63           13.66
             116          -71.96           26.14
             117          -24.54           7.715
             118          -9.643           12.69
             119           52.97           13.77
             120          -46.99            18.1
             121          -23.96           13.12
             122            26.1           14.03
             123            90.1           14.23
             124          -52.83           12.39
             125           1.904            14.1
             126           34.95           13.88
             127           106.4            13.9
APV                2              13               2               8
               0               0               0
               1               0               0
               2               0               0
               3               0               0
               4               0               0
               5               0               0
               6               0               0
               7           25.88            7.51
               8          -42.51           8.593
               9           4.592           7.401
              10          0.7843           9.293
              11            18.9           8.507
              12           -42.3           8.118
              13          -16.11           7.005
              14           33.65           8.425
              15           46.81           10.99
              16          -14.76           10.13
              17          -19.94             7.2
              18          -10.21           8.019
              19           20.27           7.563
              20          -38.98           8.709
              21          -10.74           6.886
              22           17.26           7.735
              23           22.29           7.568
              24          -48.67           7.666
              25          -23.83           6.923
              26           11.52           8.294
              27            42.3           8.745
              28          -51.54           7.252
              29          -10.78           6.808
              30           8.413            7.87
              31           64.72           11.81
              32           -22.1           10.45
              33          -23.35           7.712
              34           1.733           8.115
              35           9.968           7.832
              36          -47.55           8.994
              37          -22.78           7.196
              38           11.56           9.158
              39           51.95           8.115
              40          -52.42           8.589
              41          -20.25           8.065
              42          -6.456           9.004
              43           39.47           9.928
              44          -38.05           7.657
              45           4.268           8.028
              46           5.966           7.912
              47           50.51           12.69
              48          -31.08           9.387
              49           -29.2            6.96
              50           6.925           7.522
              51            31.9           7.861
              52           -43.1           8.071
              53          -28.53           6.749
              54          -12.68           8.173
              55           24.01           8.351
              56          -48.76           7.299
              57           -10.1           6.815
              58          0.5681           8.115
              59           69.67            9.48
              60             -24           7.038
              61           -38.9           6.802
              62           33.24           7.718
              63           53.32            13.2
              64          -30.33           11.64
              65          -9.852           8.725
              66          -12.81           8.983
              67          -1.841           7.786
              68          -40.89           9.647
              69          -26.68           7.465
              70          -1.913           8.987
              71           28.58           7.615
              72          -29.21            8.72
              73          -9.504            7.67
              74          -5.965           8.807
              75            28.4           8.882
              76          -27.58           8.191
              77           13.69           6.958
              78           13.78           8.186
              79           71.73           11.06
              80          -41.78           10.54
              81          -11.41           7.392
              82         -0.1671           6.893
              83           26.19           7.804
              84          -51.08           9.076
              85          -24.86           6.869
              86           11.28           7.937
              87           25.93           7.788
              88          -19.85           7.789
              89          -16.22           6.441
              90           8.996           8.255
              91           68.19           9.037
              92          -36.81           7.333
              93          -31.45           6.637
              94           15.09           7.951
              95           96.25           11.84
              96          -42.16           10.63
              97          -8.702           7.632
              98          -9.373           8.664
              99           22.85           7.959
             100          -45.61           9.135
             101          -16.43            7.41
             102            17.5           9.004
             103           25.28           8.116
             104          -37.24           8.227
             105          -23.06           7.916
             106           18.54           8.689
             107           50.63           9.956
             108          -27.92           7.823
             109          -14.13           7.519
             110           23.88           8.044
             111           94.61           12.87
             112          -35.49           9.843
             113          -3.583           6.975
             114           8.619           7.257
             115           21.14           7.698
             116          -39.62           8.295
             117          -6.615           6.602
             118           6.837           8.137
             119           32.29           8.225
             120          -43.77           7.292
             121          -18.49           6.645
             122           1.011           8.152
             123           48.66           9.499
             124          -15.31           7.057
             125          -12.22           6.976
             126           44.23           7.739
             127           122.8           13.75
APV                2              13               2               1
               0               0               0
               1               0               0
               2               0               0
               3               0               0
               4               0               0
               5               0               0
               6               0               0
               7           43.53           9.296
               8          -35.41           10.37
               9          -32.33           7.134
              10            1.02           8.866
              11           49.34            9.49
              12          -27.76            9.71
              13           -10.1           6.461
              14           6.564           9.073
              15           60.89           9.765
              16          -41.72           10.64
              17          -34.55           8.466
              18          -5.051           9.435
              19         -0.5489           7.672
              20          -42.95           10.82
              21          -21.68            7.62
              22           7.024           7.348
              23            31.9           8.148
              24          -33.35           9.617
              25          -28.75           7.277
              26          -3.356           7.789
              27            54.1           8.892
              28          -14.37           8.829
              29          -32.02           6.819
              30            24.7           8.021
              31           83.04           9.435
              32          -34.53           11.84
              33          -31.67           8.242
              34           6.437           7.762
              35            13.1           8.861
              36          -44.94           10.94
              37          -8.508           7.224
              38           6.928           8.565
              39           31.43           9.357
              40          -40.32           9.923
              41          -18.35           6.836
              42           16.15           9.507
              43              43           9.757
              44          -33.39           8.921
              45          -26.96             7.3
              46           42.26           8.876
              47           79.19           10.22
              48          -37.78            10.9
              49             -40           8.015
              50          -3.399           8.049
              51          -7.778           7.861
              52          -41.48           10.38
              53          -34.45           7.409
              54           7.484            7.39
              55           48.58           8.296
              56          -36.71           9.239
              57          -23.83           6.832
              58          -4.121           7.866
              59           48.35           9.017
              60          -38.83           8.004
              61          -10.96            7.12
              62            12.4           7.902
              63           69.45           10.39
              64          -61.67           11.89
              65          -35.77           8.293
              66          -4.747           8.657
              67           14.55           8.874
              68          -17.58           11.53
              69          -21.38           7.394
              70           8.118           8.514
              71           29.47           8.968
              72          -36.84           10.04
              73          -7.342           6.868
              74           9.502           8.747
              75           51.52           9.384
              76           -18.9           9.191
              77          -14.32            6.71
              78           30.35           8.858
              79           101.1           10.35
              80          -50.78           11.66
              81          -26.82           8.592
              82          -9.101           7.307
              83           26.51           7.725
              84          -29.34            11.2
              85          -8.825           7.694
              86          -7.865           7.015
              87           40.36           8.089
              88          -25.73           9.487
              89           -16.3           7.154
              90           13.96           7.738
              91           60.76           8.803
              92          -36.65           8.595
              93          -18.42           7.151
              94           26.22           8.134
              95           100.1           10.12
              96          -37.73           11.34
              97          -42.18           7.931
              98           2.494           8.542
              99           3.055           9.464
             100          -46.36           10.95
             101          -27.18           7.142
             102          -1.648           8.421
             103           43.51           9.068
             104          -36.28           9.712
             105          -28.31           7.435
             106          -6.033           8.868
             107           69.53           9.845
             108          -16.76           8.603
             109          -19.47           6.951
             110           9.962           9.198
             111           117.1           10.73
             112          -41.05           11.48
             113          -32.67            8.06
             114          -9.699           7.247
             115           5.108           7.778
             116          -48.37           10.35
             117          -10.16           7.368
             118         -0.6003           7.304
             119           29.94           8.239
             120           -25.1           9.084
             121          -24.35           6.842
             122           19.18           7.818
             123           61.95           9.309
             124          -12.99           8.145
             125          -12.76            7.62
             126           14.45           7.812
             127           134.6            11.2
APV                2              13               2               3
               0               0               0
               1               0               0
               2               0               0
               3               0               0
               4               0               0
               5               0               0
               6               0               0
               7            13.3           8.386
               8          -27.67           8.148
               9          -40.33           7.233
              10          -12.05           7.615
              11           27.35           8.951
              12          -27.19           8.355
              13          -17.23           6.971
              14           26.79            7.43
              15            58.9           9.443
              16          -30.38           8.196
              17          -36.03           7.599
              18          -35.14           10.59
              19           36.93           7.243
              20          -51.97           7.905
              21          -25.24           7.309
              22          -12.54           7.128
              23           37.96           7.571
              24          -17.81           7.845
              25          -34.35            7.33
              26          0.8233            6.72
              27           78.86           8.459
              28           -39.4           7.414
              29          -21.55           7.463
              30          -13.27           6.643
              31            72.6           9.267
              32          -23.14           8.416
              33          -23.21           7.756
              34           -11.5           7.198
              35           8.342           7.995
              36          -46.39           7.996
              37          -26.91           7.307
              38          -10.47           7.656
              39           44.98           8.614
              40          -8.762           8.083
              41           11.58           7.443
              42          0.9658           7.672
              43           74.18           9.358
              44          -47.61           7.862
              45           1.732           7.543
              46           29.98           7.324
              47           76.44           10.26
              48          -46.62            8.18
              49          -43.45           7.486
              50          -1.357           8.934
              51           30.78           7.281
              52          -5.136           7.866
              53          -38.26           7.122
              54          -22.77           6.887
              55           44.45           7.601
              56          -54.68           7.682
              57          -16.57           7.105
              58           4.591           6.729
              59           53.25           8.538
              60          -45.05           7.297
              61          -33.62           7.631
              62         -0.0416           6.876
              63           106.2           10.44
              64          -29.89           8.467
              65           -12.9           7.478
              66          -9.581           8.847
              67           20.19           8.051
              68          -36.53           7.973
              69          -3.545           7.208
              70          -4.866           7.908
              71           26.97            8.33
              72          -31.86           8.063
              73          -7.613           7.193
              74           1.297            7.41
              75           62.93           9.001
              76          -14.63           7.671
              77          -29.04           6.861
              78           14.58           7.184
              79            91.6           10.04
              80          -54.67           8.075
              81          -19.81           7.498
              82          -20.43           7.876
              83           32.07           7.187
              84          -22.56           7.937
              85          -30.17           7.258
              86          -7.948           6.739
              87           37.53           7.667
              88          -18.14           7.576
              89           -24.3           7.265
              90          -4.947           6.594
              91           79.05           8.646
              92          -39.69           7.274
              93          -28.21           8.286
              94           26.68           6.707
              95           89.53           9.847
              96          -31.84            8.09
              97          -16.88           7.329
              98          -10.18           8.307
              99           46.58           8.594
             100          -57.62           7.781
             101          -43.07            7.09
             102          -28.05           7.375
             103           49.78           8.525
             104          -37.96           8.066
             105          -22.41           7.494
             106           12.91           7.248
             107           65.58           9.441
             108          -31.77           7.389
             109          -24.46           7.178
             110            19.9           7.707
             111           93.59           10.62
             112           -42.9           7.929
             113          -11.57           7.378
             114          -7.206           7.409
             115           37.95           7.303
             116          -45.49           7.624
             117          -20.81           7.046
             118          -18.27           6.632
             119           37.82           7.852
             120          -23.83           7.552
             121          -12.55           7.251
             122           17.52           6.578
             123           56.35           8.919
             124          -32.31           7.148
             125           1.867           9.153
             126           32.77           6.792
             127           122.1           10.99
APV                2              13               2               5
               0               0               0
               1               0               0
               2               0               0
               3               0               0
               4               0               0
               5               0               0
               6               0               0
               7           32.03            10.8
               8           -64.4           8.884
               9           -28.2           9.016
              10          -5.773           10.99
              11           50.35           14.66
              12          -28.64           8.591
              13          -17.43           9.508
              14           1.057           9.631
              15           84.42           19.11
              16          -29.25           9.129
              17          -45.06           7.614
              18          0.6049           12.86
              19           13.61           8.114
              20          -35.38           8.783
              21          -34.98           8.151
              22          -11.76           10.24
              23           40.66           11.05
              24          -36.85           8.655
              25          -17.85           8.628
              26           9.609           9.495
              27           63.35           16.26
              28          -40.21           7.767
              29          -2.419           9.088
              30            14.7           7.904
              31           79.08           20.38
              32          -33.54           9.053
              33          -48.04           7.902
              34           3.038           10.69
              35           20.55           9.298
              36          -53.77           8.689
              37          -13.56           8.752
              38         -0.4595            11.4
              39           51.56           12.09
              40           -25.5           8.535
              41          -38.98           9.482
              42          0.9603           10.74
              43           64.87           17.69
              44          -20.57           8.153
              45          -20.03           9.801
              46           8.784           8.384
              47           72.28           20.52
              48          -30.19           9.481
              49             -34           7.619
              50           9.573           11.15
              51           31.13           9.122
              52           -48.4           8.853
              53          -27.81           8.312
              54          -7.796           9.921
              55           29.31           13.27
              56           -44.3           8.266
              57          -21.88           8.655
              58          -30.13           8.349
              59           74.23           18.85
              60          -22.95           7.521
              61          -22.35           9.558
              62           20.99           7.426
              63           81.75           19.38
              64          -41.28           8.592
              65          -26.15           7.867
              66           5.402           11.99
              67           34.19           9.486
              68          -39.86           8.506
              69           -27.1           8.281
              70           5.468              12
              71           44.73           10.26
              72          -39.26           8.583
              73          -21.42           9.061
              74           1.135           11.21
              75           46.21           14.49
              76          -44.46           7.691
              77          -22.47           9.099
              78           15.18           9.557
              79           99.76           21.14
              80          -33.29           8.693
              81          -28.39            7.64
              82           19.91           10.25
              83           24.06           8.158
              84          -31.24           8.581
              85          -32.01           8.051
              86           5.357            10.2
              87           38.72           10.88
              88          -46.54           8.361
              89          -32.48           8.505
              90           11.23           9.614
              91           67.99           16.26
              92          -27.09             7.5
              93          -8.137           9.786
              94              46           8.506
              95           78.02           20.79
              96          -37.35           8.873
              97          -24.19            7.61
              98         -0.3931           11.45
              99           27.49           9.966
             100          -46.64           8.504
             101          -36.07           8.545
             102          -16.48           11.55
             103           43.48           11.87
             104          -36.84           8.627
             105          -6.046           9.362
             106            11.5           10.41
             107           57.05           17.71
             108           -30.4           7.631
             109           -8.19           9.562
             110           39.36           9.141
             111           83.91           21.39
             112          -29.24           8.922
             113          -44.94           7.584
             114          -9.616            10.2
             115           23.82           8.915
             116          -41.08            8.55
             117          -35.69           8.085
             118             5.1           9.935
             119           44.75           13.01
             120          -57.76           7.945
             121          -18.34           8.795
             122           4.577           8.751
             123           72.32           18.87
             124          -20.91           7.276
             125          -19.94           10.68
             126           28.63           7.719
             127           119.6           21.22
APV                2              13               2               7
               0               0               0
               1               0               0
               2               0               0
               3               0               0
               4               0               0
               5               0               0
               6               0               0
               7           3.229           14.73
               8          -35.69           15.42
               9           -11.5           9.309
              10           1.388           8.271
              11           24.96           15.65
              12          -28.74           13.61
              13           3.603           8.115
              14           29.44           9.333
              15           39.56           16.33
              16          -34.69           17.08
              17          -48.57           9.926
              18          -29.24           11.93
              19           45.02           12.49
              20          -58.78           16.12
              21           -44.7           9.387
              22          -1.569           7.103
              23           41.16           14.61
              24          -38.74           13.44
              25          -15.23           8.835
              26            12.5           7.646
              27           61.15            16.6
              28           -25.1           11.92
              29          -3.923           8.049
              30           12.26           10.34
              31           49.62           16.68
              32           -42.7            19.4
              33          -33.04           10.32
              34          -20.05           8.008
              35          -6.106           12.47
              36          -73.24           17.46
              37          -24.81           9.424
              38           16.23           8.331
              39           40.42           14.95
              40          -24.07           13.46
              41           2.604           8.976
              42           16.86           8.914
              43           46.34            16.4
              44          -33.57            11.4
              45           4.462           8.254
              46           16.37           10.58
              47           47.47           16.44
              48          -43.49           17.59
              49          -22.21           9.844
              50          -6.852           9.493
              51            13.3           13.45
              52          -59.72           16.18
              53          -20.01           9.507
              54          0.4713           7.194
              55           27.33            15.6
              56          -54.64           12.18
              57           2.813           8.058
              58           18.26           8.993
              59           17.75           16.62
              60          -17.57           10.69
              61           -22.4           8.098
              62           20.02           11.55
              63           73.15           16.18
              64          -32.21            17.9
              65          -8.308           11.16
              66           12.23           11.11
              67           42.08           11.53
              68          -28.35           18.64
              69          -13.24           9.685
              70           3.421            9.12
              71           29.37           13.99
              72          -30.47           15.29
              73         -0.4186           9.418
              74           13.86           8.095
              75           53.68           16.13
              76          -24.23           12.35
              77          -17.01           8.127
              78           8.349           8.928
              79           74.88           17.46
              80          -39.15           18.98
              81          -27.65           10.38
              82           -11.9           8.275
              83           34.29           12.01
              84          -33.52           18.37
              85          -23.23           9.762
              86           20.07            6.66
              87           29.29           14.55
              88          -21.92           13.39
              89           -17.6           8.389
              90           11.47           7.377
              91           42.43           16.47
              92           -30.3            11.3
              93          -12.68           9.003
              94           12.53           9.622
              95           60.35           17.14
              96          -55.97           18.37
              97          -31.94           9.632
              98          -4.235           9.604
              99            20.1           12.85
             100          -46.92           18.02
             101           -37.2           8.972
             102          -1.414           7.999
             103           32.28           14.83
             104          -29.59            13.2
             105          -17.61           9.017
             106           18.79           8.525
             107           64.85           16.82
             108          -9.006           11.35
             109           13.74           8.396
             110           25.59           10.43
             111           72.93           16.91
             112          -59.23           18.47
             113          -14.31           9.761
             114         -0.2585           7.561
             115           35.48            13.3
             116          -29.92           16.42
             117           -17.4           9.127
             118          -9.667           6.696
             119           52.67           15.63
             120          -28.92           11.88
             121          -6.464           8.148
             122            24.4           8.507
             123           49.07           16.85
             124          -32.91           10.66
             125           2.199           10.01
             126           20.53           11.14
             127           117.6           17.02
APV                2              13               2               9
               0               0               0
               1               0               0
               2               0               0
               3               0               0
               4               0               0
               5               0               0
               6               0               0
               7            3.96           16.81
               8             -34           9.762
               9          -24.52           11.32
              10          -12.11           13.99
              11           13.05           23.57
              12          -25.49           9.245
              13          -24.24           11.05
              14           11.67           12.47
              15           24.91            35.4
              16          -13.45           11.86
              17          -48.06           10.32
              18          -8.602           19.45
              19           12.96           12.87
              20          -22.61           11.94
              21          -41.21            11.2
              22           2.811           13.39
              23           43.67           18.43
              24          -23.41           9.282
              25          -32.01           11.28
              26         -0.1195           11.44
              27           24.65           26.38
              28           -24.7           8.112
              29          -20.46           11.79
              30          -4.671           10.92
              31            44.5           38.66
              32          -11.42              11
              33          -31.47           10.21
              34           12.16           14.04
              35            26.9            14.5
              36          -27.33            11.1
              37          -28.93           11.01
              38           8.339           14.94
              39           24.54           19.45
              40          -26.59           9.026
              41           7.127           11.15
              42           17.95           13.82
              43           52.92           29.85
              44          -11.74           9.201
              45           1.529           11.57
              46           3.577           11.22
              47           45.73           40.26
              48          -4.982           11.77
              49          -21.18           10.53
              50           6.174           15.78
              51           23.65           15.46
              52          -17.47           10.62
              53          -41.85           11.15
              54          -3.717           12.37
              55           46.27           22.78
              56          -32.75           8.839
              57          -25.79           11.61
              58           2.571           11.02
              59           24.03           32.21
              60          -27.85           7.647
              61          -20.48           12.29
              62           9.413           11.64
              63           57.09           44.54
              64          -16.01           12.14
              65          -26.86           9.864
              66           8.583           18.27
              67           45.54           15.41
              68          -18.93           12.05
              69          -30.06           11.06
              70           1.695            16.5
              71           30.61           16.38
              72          -23.92           10.24
              73          -19.58           11.17
              74           19.84           14.34
              75           19.24           24.56
              76          -12.92           8.621
              77          -6.878           11.45
              78           12.39           12.17
              79           67.88           39.65
              80          -27.59           10.92
              81          -34.07           9.912
              82           15.51           14.59
              83           37.47           12.61
              84          -12.08           12.06
              85          -19.28           11.16
              86           2.969           13.14
              87           42.99           18.19
              88          -8.452           9.491
              89          -14.79           12.06
              90           18.94           11.69
              91           32.54           27.36
              92          -42.46             7.8
              93          -19.42           13.15
              94          -10.18           10.61
              95           53.99           41.44
              96          -23.17           10.96
              97          -13.61           10.38
              98         -0.9689           16.45
              99           37.15              15
             100          -22.19            11.3
             101          -35.21           11.63
             102           11.77           15.09
             103           35.03           19.56
             104          -24.53           9.996
             105          -17.73              12
             106           5.059           12.84
             107           43.01           30.31
             108          -37.01           8.143
             109           9.735           11.13
             110           15.83           13.08
             111           77.36           42.86
             112          -18.47           10.72
             113          -22.69           10.36
             114           20.85           13.81
             115           41.87           14.86
             116          -14.13           10.83
             117          -26.96           11.37
             118           -19.7           12.43
             119           9.403            21.8
             120          -44.86           8.784
             121          -13.98           11.88
             122          0.6798           10.74
             123           38.97           33.08
             124          -25.65           7.606
             125          -4.713           15.04
             126            12.2           11.62
             127           80.76           44.17
