#Wed Jun 24 17:06:50 2026
# Copy file into sbs-onl@sbsvtp#:~/cfg/pedestals for online pedestal subtraction
# format = APV        crate       slot       mpd_id       adc_ch followed by
# APV channel number      pedestal mean      pedestal rms
APV                2              13               3               0
               0               0               0
               1               0               0
               2               0               0
               3               0               0
               4               0               0
               5               0               0
               6               0               0
               7           2.355           10.51
               8          -33.76           11.24
               9          -9.078           6.792
              10           12.71           16.11
              11           13.64            11.5
              12          -18.26           10.34
              13           5.498           6.787
              14           23.85           15.08
              15           7.415           10.24
              16          -41.74            17.4
              17          -20.14           13.33
              18          -7.289           22.23
              19           1.277           6.374
              20          -31.87           14.04
              21          -1.124           9.929
              22           9.212           9.111
              23           20.92           6.856
              24           -30.9           11.51
              25          -7.115           8.123
              26           10.73           8.305
              27           26.93           8.993
              28           -1.91           10.15
              29          -11.63           9.883
              30            12.7           9.593
              31           17.07           9.206
              32          -17.28            17.5
              33          0.3225           7.835
              34           20.45           12.18
              35           8.624           11.48
              36          -25.09           13.42
              37           10.72           6.277
              38           9.531           13.48
              39           5.576           10.18
              40          -8.144           10.69
              41           6.012           6.884
              42           25.41              16
              43           25.77           11.55
              44          -7.805           9.474
              45          -4.812           7.554
              46           4.145           14.77
              47            -1.7           11.64
              48          -14.01           16.03
              49          0.1497           10.78
              50          -12.58           15.67
              51           5.629            5.91
              52          -28.86           13.05
              53          -17.69            8.45
              54         -0.5226           8.335
              55          -5.264           7.359
              56          -9.905           10.68
              57           9.457            8.39
              58            22.9           9.024
              59           25.43           9.748
              60          -5.119           9.504
              61           3.077           11.27
              62           27.99           10.14
              63           12.03            9.56
              64          -35.41           18.92
              65          -2.784           9.606
              66          -1.954           16.88
              67          -4.048           10.65
              68          -23.95           14.24
              69            23.7           6.581
              70           22.44           14.29
              71           24.47           9.757
              72          -20.09           15.18
              73           8.719           6.821
              74           23.41           13.96
              75           18.46           10.65
              76          -16.05           13.99
              77          -12.89           6.745
              78           17.99           14.73
              79           6.552           12.32
              80           -45.5           19.51
              81           4.862           11.49
              82           4.211           12.98
              83           6.785           5.689
              84          -20.35           15.39
              85          -6.114           9.441
              86            9.12           7.465
              87           13.31           7.031
              88          -2.125           12.09
              89           10.57           9.825
              90          0.1759           7.862
              91           14.12           9.293
              92          -17.22           11.55
              93          -21.33           13.36
              94           17.08           9.317
              95           5.555           10.23
              96          -40.18           20.65
              97           1.075            7.14
              98          -4.802           15.35
              99           11.66           10.56
             100          -24.48           13.87
             101           7.725           6.433
             102            18.2           13.43
             103           17.35           9.676
             104          -13.23           11.04
             105           7.478           7.257
             106           10.84           14.46
             107           16.51           11.18
             108           4.132           10.89
             109        -0.02353           7.483
             110            21.3           17.51
             111           16.17           11.37
             112          -28.42           17.53
             113          -9.906           10.22
             114           -1.81           10.97
             115           10.46           6.634
             116          -17.97           15.92
             117          -2.083           8.661
             118           17.07           7.428
             119           10.79           7.512
             120          -20.49           11.13
             121          -14.35            9.13
             122         -0.0584            8.95
             123           8.293           10.12
             124          -6.797           11.42
             125          -21.26           15.96
             126           33.81           10.95
             127          -22.45           13.13
APV                2              13               3               2
               0               0               0
               1               0               0
               2               0               0
               3               0               0
               4               0               0
               5               0               0
               6               0               0
               7           20.65              16
               8          -27.16           10.58
               9          -13.82            7.71
              10           12.35           18.58
              11           18.32           16.86
              12           -39.6            10.1
              13         -0.7089           8.738
              14           5.692           16.13
              15           40.93           15.23
              16          -13.22           16.73
              17          -17.31           10.85
              18          -14.89           42.08
              19            17.7           9.335
              20          -8.623           14.25
              21           -13.5           11.13
              22           9.795           17.21
              23           10.21           8.239
              24          -29.57           11.73
              25          -18.29           10.71
              26           21.69           11.09
              27           42.68           11.22
              28          -44.91           10.25
              29          -4.177           17.17
              30           25.06            9.14
              31           36.45            12.5
              32          -20.38           16.32
              33           -34.9           10.21
              34           22.62           13.78
              35            19.4           17.72
              36          -28.01           12.26
              37          -21.08           10.08
              38           6.504           16.15
              39           19.53           14.85
              40          -40.41           10.29
              41          -5.738           7.541
              42           19.33           17.48
              43           9.342           16.08
              44          -33.02           13.17
              45          -16.05           8.169
              46           16.42           14.43
              47            41.3           15.67
              48          -24.06            18.9
              49          -27.89           9.889
              50            15.1           30.75
              51           8.948           8.409
              52          -33.24           13.49
              53          -14.25           9.792
              54           2.943           13.88
              55           21.01           8.816
              56          -25.57           10.96
              57          -17.61           12.37
              58           11.84           10.33
              59           16.52           11.72
              60          -40.61           9.561
              61          -21.01           20.73
              62          -2.172           9.063
              63           56.47           11.73
              64          -7.696           16.38
              65          -28.67           9.401
              66           26.22            24.8
              67           22.67            17.4
              68          -36.58           13.32
              69          -19.69           9.659
              70           12.92           17.48
              71           36.89           13.63
              72          -34.55              11
              73          -8.629           7.978
              74           9.872            15.1
              75           40.37           14.96
              76          -32.44           12.17
              77            4.55           7.755
              78           2.808           14.91
              79           47.64           16.08
              80          -23.02           18.52
              81          -17.87           10.88
              82           28.45           24.72
              83           13.22           7.256
              84          -37.24           15.03
              85          -7.283           10.82
              86           9.297           13.15
              87           19.77           8.487
              88          -17.69            11.4
              89          -5.789           14.85
              90           11.73            9.71
              91           29.22           11.87
              92          -32.29           10.87
              93          -20.58           25.07
              94           18.83           8.231
              95            59.1           14.01
              96          -19.25           14.59
              97          -19.61           9.503
              98           5.035           20.51
              99           33.58           16.76
             100          -36.41           12.55
             101          -2.115           10.24
             102           14.82           15.01
             103           13.49           13.87
             104          -41.59           10.56
             105          -9.624           8.404
             106           9.206            14.7
             107           26.97           15.63
             108          -56.82           11.07
             109          -6.329           7.846
             110           25.57           19.08
             111            64.7           17.31
             112          -1.748           17.54
             113          -11.83           10.06
             114          -2.568           20.62
             115           10.38           7.749
             116          -11.87           13.59
             117          -10.72           10.65
             118           6.767           11.76
             119           20.31           9.254
             120          -7.313           10.42
             121          -19.89           14.78
             122           18.26           8.988
             123           39.54           12.99
             124           -33.1           10.28
             125          -27.21           31.54
             126           25.34           8.393
             127           43.43           13.91
APV                2              13               3               4
               0               0               0
               1               0               0
               2               0               0
               3               0               0
               4               0               0
               5               0               0
               6               0               0
               7           19.98           11.21
               8          -38.32           11.75
               9          -37.16            8.48
              10           1.902           14.93
              11           26.21           10.31
              12           -24.3           9.716
              13          -23.39           8.795
              14           6.837           10.85
              15           36.81           9.991
              16          0.2819            15.7
              17          -26.11           8.182
              18            -3.9           44.34
              19           26.46           12.59
              20          -28.14           11.99
              21          -30.81            7.47
              22          0.8643           16.34
              23           33.38           8.827
              24          -15.38           11.45
              25          -49.37           8.408
              26           11.77           10.98
              27           39.86           9.145
              28          -25.12           8.698
              29          -18.21           16.51
              30            6.98           10.45
              31           35.95           10.83
              32          -14.07           17.72
              33          -12.37           8.544
              34           9.848           12.22
              35           35.88           12.32
              36          -33.29           11.65
              37          -16.38            8.27
              38          -5.354           14.25
              39           33.69           9.852
              40          -27.74           10.81
              41          -14.45           7.677
              42           18.88           15.83
              43           43.65            9.64
              44           -40.7           11.17
              45          -24.37           8.785
              46            11.5           10.42
              47           56.31           11.02
              48           -21.8           19.34
              49          -29.28           7.749
              50          -5.578           30.94
              51           25.57           9.052
              52          -33.05            12.3
              53          -21.36           7.791
              54          -19.89           16.16
              55           35.17           9.558
              56          -17.19           12.06
              57          -8.789           9.595
              58           2.029           11.89
              59           28.09            9.96
              60          -22.01           8.606
              61          -29.85           18.05
              62           22.43           9.257
              63           55.62           12.64
              64          -51.49           13.09
              65           -4.18           7.855
              66          -2.608           25.81
              67           24.75           14.61
              68             -48           11.87
              69          -19.88           7.817
              70           8.507           18.35
              71           43.38           11.01
              72          -17.88           9.933
              73          -18.08             7.5
              74           18.35           12.03
              75           45.48            9.57
              76          -34.12           8.206
              77           4.574           8.189
              78           9.456           10.14
              79           44.89           10.59
              80          -20.72              17
              81          -28.31           8.236
              82          0.8988           23.59
              83           32.56           8.827
              84          -37.84            12.7
              85          -25.38            7.34
              86           5.266           11.15
              87           32.23           8.183
              88          -32.09           9.697
              89          -24.44           13.22
              90           4.862           9.847
              91           41.48           9.213
              92          -15.87           7.927
              93           -14.1           24.83
              94           9.456           10.12
              95           54.93           10.88
              96          -14.85           13.86
              97          -12.98           7.948
              98           12.04           18.78
              99           10.59            13.3
             100           -29.3           11.38
             101          -21.57           7.909
             102           5.973           15.09
             103           37.22           9.439
             104          -13.55           8.997
             105          -7.655           11.16
             106           20.82           13.62
             107           49.94           9.658
             108          -37.32           8.497
             109          -22.41           8.146
             110           28.43           15.52
             111           59.97            11.3
             112          -24.06           17.97
             113          -18.77            7.55
             114          -1.559           22.01
             115           34.08           8.221
             116          -24.01            11.5
             117           -34.8            7.81
             118        -0.05367           12.93
             119           45.09           9.484
             120          -7.627           9.897
             121          -46.84           11.43
             122           11.14           8.918
             123            46.7           10.09
             124          -27.04           7.679
             125          -28.78           29.15
             126            15.9           8.041
             127           101.1            12.1
APV                2              13               3               6
               0               0               0
               1               0               0
               2               0               0
               3               0               0
               4               0               0
               5               0               0
               6               0               0
               7           26.42           11.94
               8           -66.9           14.12
               9           -12.5           8.447
              10           26.74           7.128
              11           45.22           13.76
              12          -53.46            12.3
              13           12.53            6.66
              14           24.11           7.921
              15           37.25           17.08
              16          -23.74           14.24
              17          -43.53           9.997
              18          -5.982           9.401
              19           17.19           9.723
              20          -65.55           14.21
              21          -23.36           8.477
              22            8.59           6.493
              23           34.29           12.06
              24          -41.64           12.46
              25          -19.43           7.224
              26            14.1           7.176
              27           35.03              15
              28          -52.99           10.41
              29          -15.08           6.583
              30            36.7           9.018
              31           60.91            18.5
              32          -43.97           15.01
              33          -36.64           9.787
              34           6.455           6.611
              35           9.378           9.748
              36          -54.52           14.79
              37          -33.76           8.322
              38           29.22           6.892
              39           32.73           12.63
              40          -59.68           12.79
              41          -11.35           7.556
              42           26.12           7.771
              43           35.43           15.66
              44          -50.44           10.04
              45           2.572           7.228
              46           21.34           8.433
              47           75.38           19.43
              48          -36.54           14.45
              49          -47.79           8.835
              50           24.99           8.087
              51           21.14           10.49
              52          -28.92           14.41
              53          -39.79           7.722
              54           1.841           6.973
              55           29.72           13.74
              56          -49.27           11.66
              57          -31.45           6.738
              58           18.09           8.071
              59           47.74           16.47
              60          -29.34           9.425
              61          0.8987           6.727
              62           23.09           9.217
              63           80.32           20.26
              64          -43.81            14.2
              65          -33.22           11.46
              66           11.01           8.697
              67           36.39           8.551
              68           -43.1           15.02
              69           -23.2           8.931
              70           24.31           7.153
              71           48.41           11.17
              72          -46.25           13.86
              73          -14.14           8.143
              74           19.62           6.992
              75           65.96           14.28
              76          -39.74           11.58
              77         -0.3058           7.086
              78           23.11           7.669
              79           70.58           17.53
              80          -34.81           15.25
              81          -16.01           10.87
              82          -3.993           7.088
              83           13.16           9.243
              84          -76.42           14.78
              85          -23.29           8.915
              86           4.371           6.072
              87           27.44           11.67
              88          -58.91           12.31
              89          -10.02           7.242
              90           22.02           7.056
              91            74.9           15.26
              92          -41.24           10.48
              93          -9.904            6.98
              94           36.85           13.37
              95           74.05           18.41
              96          -37.15           14.66
              97          -47.18           10.02
              98            18.2           7.864
              99           29.49           9.917
             100          -44.25           14.68
             101          -31.43           8.583
             102           19.93           6.936
             103           33.27           12.53
             104          -36.81           12.31
             105          -25.46           8.087
             106           19.75           7.275
             107           68.79           15.78
             108          -42.28           10.16
             109          -4.337           7.065
             110           22.11           8.667
             111           87.76            19.5
             112          -51.23           15.01
             113          -40.25           9.426
             114            18.8           6.808
             115           35.78           10.39
             116          -47.72           14.28
             117          -21.59           8.043
             118           15.12            6.49
             119           44.97           13.41
             120          -48.42           11.49
             121          -25.35           6.799
             122           15.63            7.44
             123           78.26           16.48
             124          -36.51           9.589
             125           4.621           7.432
             126            7.48               8
             127           98.53            20.2
APV                2              13               3               8
               0               0               0
               1               0               0
               2               0               0
               3               0               0
               4               0               0
               5               0               0
               6               0               0
               7            34.3           12.92
               8          -32.07            19.1
               9          -40.51           7.936
              10          -22.03           6.901
              11           39.27           13.28
              12          -26.74           16.07
              13          -19.23           5.927
              14           21.15           8.462
              15           67.29           16.02
              16          -11.65           16.77
              17          -36.93           11.53
              18          -21.21           12.52
              19          -2.738           12.66
              20          -14.66           17.56
              21          -37.36            8.31
              22          -13.58            9.32
              23           42.05           13.81
              24          -15.62           17.81
              25          -34.28           6.373
              26           2.527           9.928
              27            61.7           15.42
              28          -32.15           14.57
              29          -34.06           6.731
              30          -13.31            11.6
              31            69.2           17.43
              32          -14.85            18.7
              33          -27.52           10.77
              34           -18.1           6.385
              35           28.37           9.888
              36          -22.67           18.62
              37          -33.35           7.747
              38          -5.976           6.849
              39            50.1           12.85
              40          -25.16            17.4
              41          -26.91           6.786
              42          -13.45           7.862
              43           47.98            14.9
              44          -27.98            11.6
              45          -17.16            6.91
              46           10.65           9.622
              47           73.66           17.74
              48           -13.3            18.8
              49          -49.47           10.18
              50          -24.83           10.64
              51           19.93           13.03
              52          -22.67           18.25
              53          -37.48           7.419
              54          -20.91           9.484
              55           37.47           14.58
              56          -25.98           16.41
              57          -26.19           5.933
              58          -5.477            10.9
              59           56.92           16.32
              60          -14.48           12.11
              61          -41.49           8.355
              62           2.001           12.38
              63           97.88           18.95
              64          -7.452           15.75
              65           -29.3           13.39
              66          -13.32           8.537
              67           6.269           8.511
              68          -22.77           18.28
              69          -9.915           9.515
              70            2.81           6.527
              71           38.98            11.6
              72          -19.12           17.78
              73          -32.53           7.807
              74          -16.56           6.815
              75            64.1           13.75
              76          -26.59           14.45
              77          -27.88           6.145
              78           5.189           8.152
              79           112.1           16.09
              80          -5.342           18.05
              81           -48.3           13.05
              82          -22.17           7.809
              83           34.99           11.49
              84          -26.98           18.69
              85          -29.79           9.118
              86           29.14           7.755
              87           40.97           13.26
              88          -17.19           16.98
              89          -32.16           6.192
              90           7.933           9.316
              91           69.02           15.06
              92          -30.13           14.39
              93          -42.45           7.308
              94        -0.06213           10.75
              95           109.9           17.03
              96          -8.818           17.07
              97          -15.82           11.23
              98          -16.89           7.371
              99           22.92           9.982
             100          -17.46           18.51
             101          -33.28           8.214
             102          -2.903            6.61
             103           76.32           12.73
             104          -24.82           16.06
             105          -31.66           7.561
             106           15.13            7.72
             107           50.55           14.88
             108          -30.37           12.86
             109          -18.62           6.709
             110          -3.523           8.596
             111           91.94           17.26
             112          -25.02           18.49
             113          -22.65           11.18
             114           7.488            8.22
             115           33.81           12.32
             116          -25.27           17.88
             117          -25.76           7.372
             118          -7.202           8.573
             119           57.01           14.27
             120          -39.31           15.48
             121          -27.35           5.858
             122           8.675           10.12
             123           60.57           15.81
             124          -28.42           12.53
             125          -30.82           9.727
             126          -10.23            11.7
             127           121.7           18.76
APV                2              13               3               1
               0               0               0
               1               0               0
               2               0               0
               3               0               0
               4               0               0
               5               0               0
               6               0               0
               7           15.54           8.046
               8          -24.45           7.203
               9          -9.353           5.842
              10           8.035           9.252
              11          -0.143           8.628
              12          -20.74           7.517
              13          -11.02           5.564
              14           14.19           8.504
              15           42.63            8.84
              16          -28.59           8.252
              17          -16.52           7.407
              18          -4.502           13.98
              19          -1.069           5.996
              20          -54.24           8.487
              21          -16.13           6.873
              22           11.71           6.978
              23           6.701            6.02
              24          -39.55           7.423
              25          -8.034           6.231
              26           10.48           5.835
              27           31.48           7.299
              28          -22.98           7.023
              29           11.62           6.867
              30           37.33           6.016
              31           66.09           8.322
              32          -37.72           8.342
              33          -26.04           6.599
              34           -15.2           7.902
              35           5.623           8.065
              36          -38.32           7.956
              37          -11.79           5.921
              38           7.208           8.284
              39           6.887           7.963
              40          -37.63           7.388
              41          -8.283           5.883
              42           21.97           9.316
              43           19.92           9.025
              44          -31.61           7.154
              45          -8.706           6.845
              46           4.872           8.244
              47           59.21           9.642
              48           -51.7           8.224
              49          -20.73           6.889
              50          -8.474           10.22
              51           10.48            5.87
              52          -38.26           7.937
              53           6.334           6.306
              54            30.3           6.155
              55           20.44           6.224
              56          -24.32           7.088
              57          -17.56           6.179
              58          0.6727           5.991
              59           21.73           7.794
              60          -4.936           6.637
              61         -0.1888            7.53
              62           18.46           6.253
              63           61.33           10.08
              64          -54.36           8.142
              65          -24.78           6.321
              66          -5.446           10.72
              67           10.42           7.823
              68          -35.89           8.431
              69           6.943           5.982
              70           19.18           9.056
              71           2.634           7.507
              72          -25.33           7.838
              73           8.042             5.6
              74            -1.5           8.475
              75           15.29           8.414
              76          -25.65           7.457
              77           -3.76           5.808
              78           26.95           8.358
              79           69.37           9.274
              80          -55.78           8.297
              81          -28.32           7.022
              82          -3.929           8.483
              83           9.336           5.671
              84          -33.78           8.684
              85          -1.262           6.615
              86           21.42            5.86
              87           21.49           6.014
              88          -21.38            7.46
              89          -21.22           6.796
              90           5.107           5.748
              91           33.44           7.696
              92          -28.69           7.101
              93         -0.2065           8.271
              94           17.24           5.897
              95            98.1           8.788
              96          -44.71           8.149
              97          -0.368           6.035
              98           7.876           9.838
              99           10.22           8.429
             100          -33.79           8.102
             101          -7.142           5.985
             102          -5.552           8.057
             103           7.921           7.644
             104          -32.18           7.309
             105          -7.049           6.676
             106            6.35           8.733
             107           29.59           9.261
             108          -11.62           6.787
             109           8.541           6.679
             110            37.9           9.715
             111           102.8           10.13
             112          -58.11           8.068
             113          -22.28           6.653
             114            3.97           7.658
             115           4.957           5.732
             116           -47.4           8.001
             117          -10.79            6.21
             118           24.88           5.632
             119           9.657           6.417
             120          -30.43           7.121
             121          -11.43           6.423
             122           7.094           5.951
             123           40.03           8.334
             124          -12.06           6.734
             125          -1.375           10.13
             126           37.16           6.623
             127           91.83           10.69
APV                2              13               3               3
               0               0               0
               1               0               0
               2               0               0
               3               0               0
               4               0               0
               5               0               0
               6               0               0
               7           44.87           8.788
               8          -48.66           8.696
               9          -49.61           6.631
              10          -9.183           8.647
              11           48.96           8.786
              12          -50.92           8.495
              13          -30.88           6.415
              14           23.69           7.864
              15           70.84           8.903
              16          -29.93           9.619
              17          -21.79            7.13
              18          -18.73           17.67
              19           35.04           7.572
              20          -44.29           8.581
              21          -37.29           7.031
              22          -27.05           8.792
              23           48.11           7.231
              24          -48.66           7.976
              25          -34.59           7.108
              26          -9.189           7.566
              27           85.75           8.007
              28          -28.97             7.3
              29          -35.83           8.536
              30           11.98           7.444
              31           83.06           8.628
              32          -49.78           9.845
              33           -44.3           7.248
              34          -8.023           7.878
              35           23.53           8.113
              36          -43.65           8.741
              37          -16.47           6.665
              38           7.253           8.494
              39           61.64           8.672
              40          -59.87           8.147
              41          -26.48           6.555
              42           2.855           8.797
              43           76.83           9.113
              44          -33.02           7.822
              45          -20.92           7.258
              46           16.37           7.419
              47           92.39           9.458
              48          -35.52           10.31
              49          -47.95           7.048
              50          -8.874           13.74
              51           33.25           7.304
              52          -53.97           8.516
              53          -20.98           6.835
              54          -12.07           8.217
              55           70.04           7.674
              56          -42.74           7.835
              57          -36.09            7.23
              58           2.632           7.308
              59            57.8           8.231
              60          -30.68            6.96
              61          -23.54           9.812
              62           20.35           7.064
              63             113            9.68
              64          -64.62           9.319
              65          -27.92           7.125
              66          -24.51           11.98
              67           28.83           9.001
              68          -40.04           8.807
              69          -27.79           6.631
              70           -11.7           9.018
              71           63.44             8.3
              72          -38.57           8.404
              73          -33.77           6.373
              74           7.147           7.788
              75           79.11           8.635
              76          -16.04           7.542
              77          -17.79           6.544
              78            39.3           7.777
              79           93.66           9.507
              80          -54.02           9.852
              81          -31.86           7.171
              82          -12.59           10.81
              83           40.42           6.901
              84          -56.84            8.69
              85          -31.24           6.928
              86          -18.88           7.561
              87           61.44           7.287
              88           -61.3           7.654
              89          -28.89           8.018
              90         -0.7297           7.147
              91           87.66           8.135
              92          -27.59           7.126
              93          -22.42           10.92
              94            25.1           7.051
              95           112.5           9.347
              96          -49.97           9.034
              97          -38.14            6.89
              98          -30.05           10.24
              99           41.89           8.848
             100          -38.77            8.57
             101          -31.52           6.614
             102         -0.9525           8.039
             103           69.06            8.33
             104           -60.5           8.086
             105          -19.91           7.294
             106           16.86           7.851
             107           88.29           9.292
             108          -30.61            7.12
             109          -21.17            6.97
             110           21.29           8.608
             111           133.9           9.909
             112          -39.59           9.564
             113          -17.29           6.865
             114          -23.58           10.11
             115           35.49           7.175
             116          -28.26           8.359
             117          -22.81           6.733
             118          -13.69            7.44
             119           73.59             7.7
             120          -32.36           7.514
             121           -25.8           7.758
             122           12.55           6.914
             123           83.37           8.586
             124          -20.49           6.868
             125          -63.76           13.25
             126           27.86           7.081
             127           126.1           10.15
APV                2              13               3               5
               0               0               0
               1               0               0
               2               0               0
               3               0               0
               4               0               0
               5               0               0
               6               0               0
               7           45.85           11.83
               8          -31.91           11.06
               9          -16.22           8.859
              10          -10.62           10.95
              11           61.82           12.91
              12          -55.17            11.3
              13          -20.27           8.784
              14           9.239            9.56
              15           83.46           13.05
              16          -12.29           10.98
              17          -19.92           9.351
              18          -33.04           18.03
              19           34.99           8.446
              20           -42.6           10.17
              21          -37.74           8.381
              22           -4.54           8.827
              23           36.62           9.132
              24             -60           9.535
              25          -28.85           8.231
              26          -8.652           8.078
              27           31.52           11.67
              28          -49.15           9.535
              29          -24.04           9.136
              30           9.822           8.409
              31           73.89           11.95
              32          -6.042           11.08
              33          -24.45           10.42
              34          -2.311           8.812
              35           23.37              12
              36           -35.1           10.34
              37          -24.78            9.12
              38           3.114           9.455
              39           50.01           11.69
              40          -47.32            10.4
              41           -23.6           8.007
              42           7.943           10.67
              43           66.23            13.3
              44          -37.54           10.27
              45          -28.03           8.737
              46           6.858           9.961
              47           76.86           13.23
              48           -18.8           10.42
              49          -25.42           8.694
              50          -6.831           12.65
              51           42.88           9.372
              52          -45.17           9.978
              53          -28.05           9.008
              54          -11.19           8.218
              55           25.78           10.55
              56           -47.5           9.185
              57          -42.37           8.769
              58          -17.12           7.798
              59           88.27           12.19
              60          -48.39           8.351
              61          -18.53           9.601
              62           7.612           7.948
              63           98.03            12.8
              64             -26           11.85
              65          -35.06           9.585
              66           5.226           12.19
              67           31.83           10.77
              68          -47.84              11
              69          -23.01           8.485
              70          -6.215           10.41
              71           30.23           11.71
              72          -69.17           10.95
              73          -7.541           9.214
              74          -7.645           9.518
              75           81.79           12.87
              76          -28.52           10.92
              77          -7.227           8.724
              78           23.69           9.053
              79           91.62              14
              80          -28.35           11.34
              81           -11.3           9.256
              82           -10.1           12.16
              83           20.13           8.072
              84          -12.18            10.6
              85          -28.76           8.381
              86          -7.388           7.937
              87           55.11           9.491
              88          -27.37            9.82
              89          -9.405            8.99
              90           10.76           7.886
              91           66.29           12.15
              92          -43.82           9.736
              93          -22.01           11.83
              94           26.88           8.033
              95           107.4           13.12
              96          -23.98           11.21
              97          -32.63           10.19
              98          -21.67            10.8
              99           34.03           11.79
             100           -44.8            10.3
             101          -27.64           8.553
             102          -17.13           9.011
             103           62.28           11.28
             104           -63.9           10.49
             105          -28.55           8.471
             106           1.781           9.802
             107              76           13.49
             108          -42.21           10.04
             109           -13.7           8.368
             110           33.97           11.37
             111           120.4           13.96
             112          -29.06           10.47
             113          -35.65           9.239
             114          -20.01           9.799
             115           33.87           9.526
             116          -36.45           9.897
             117          -32.35           8.921
             118          -19.39            7.92
             119           48.35            10.5
             120          -43.53            9.06
             121          -27.01           8.985
             122          -4.214            7.55
             123           75.25           12.37
             124          -43.73           8.302
             125           -18.9           12.47
             126            9.71           8.297
             127             148           14.17
APV                2              13               3               7
               0               0               0
               1               0               0
               2               0               0
               3               0               0
               4               0               0
               5               0               0
               6               0               0
               7           24.58           16.58
               8          -56.64           9.928
               9          -24.98           10.57
              10           15.02           15.31
              11           44.21           19.72
              12           -39.3           10.78
              13          -2.874           10.23
              14           15.43           13.38
              15            68.4           20.12
              16           15.69           9.634
              17          -27.83           9.539
              18          -8.485           37.58
              19          -3.749           7.597
              20          -35.89           9.567
              21          -20.44           11.58
              22           7.042            15.7
              23            42.4           11.12
              24          -48.37           8.705
              25          -28.65           11.63
              26           1.152           8.582
              27           43.71           15.41
              28          -38.78           8.766
              29          -28.11           15.93
              30           20.18           7.249
              31            71.6           18.88
              32          -30.16           9.717
              33          -24.55           12.42
              34           12.15           11.77
              35           31.46           17.92
              36           -46.8           9.639
              37          -27.74           12.69
              38          -7.703            13.6
              39           33.15           17.39
              40          -44.22           10.21
              41          -18.59           9.513
              42           13.61           15.59
              43           56.06           19.13
              44          -37.55           14.72
              45           -19.7           8.288
              46         -0.8479           11.51
              47           74.06           20.78
              48          -17.18           10.14
              49          -19.81           9.063
              50           10.78           26.44
              51           15.33            8.43
              52          -46.67           8.926
              53          -36.14           10.54
              54           5.529           11.72
              55           33.11           12.89
              56          -46.25           8.346
              57          -11.48           11.83
              58           3.874           7.573
              59           45.73           16.49
              60          -33.63           8.443
              61          -22.07           17.85
              62         -0.8085            7.48
              63            78.5           19.42
              64          -36.94           10.27
              65          -9.577           12.83
              66          -2.555           19.22
              67           11.91           18.67
              68          -54.94           10.36
              69          -15.33           12.51
              70           7.044           13.92
              71           48.46           17.04
              72          -44.06            10.9
              73          -28.08           10.55
              74           6.031           12.49
              75           43.73           18.06
              76          -33.57           13.75
              77          -17.22           9.842
              78           12.51           11.98
              79            91.2           20.77
              80          -25.94           9.638
              81          -24.34           10.17
              82          -13.11           22.76
              83           26.98           8.683
              84          -60.73           9.761
              85          -21.04            11.9
              86           9.329           12.53
              87           47.86           12.26
              88          -41.62           9.082
              89           -9.57           14.77
              90           3.707           8.029
              91              61           16.44
              92          -22.71           9.403
              93          -10.81            22.9
              94           14.94           7.213
              95           92.56           20.74
              96           -27.9           9.832
              97          -26.45           12.46
              98           1.552           16.01
              99           19.84           19.38
             100          -51.52           9.995
             101           -21.9           12.44
             102          -16.94            11.8
             103           44.38           17.18
             104          -44.99           12.15
             105          -3.268           8.596
             106            9.66           12.52
             107           59.66           19.52
             108          -7.042           12.88
             109          -15.21           8.388
             110           12.02           16.38
             111           72.75           22.59
             112          -47.77           9.124
             113          -47.91           9.851
             114           4.384           18.25
             115              18           9.272
             116          -53.52           9.454
             117              -6           11.86
             118           9.975           10.27
             119           44.39           13.65
             120          -42.66           9.007
             121           -25.4           14.61
             122           35.74           7.237
             123            58.6           18.33
             124          -11.91           9.028
             125          -11.37            27.7
             126            9.44           7.508
             127           129.4           21.88
APV                2              13               3               9
               0               0               0
               1               0               0
               2               0               0
               3               0               0
               4               0               0
               5               0               0
               6               0               0
               7           71.59           22.35
               8          -45.38           25.33
               9          -63.92            12.3
              10           11.56            10.4
              11           50.59           27.42
              12          -41.39           20.14
              13          -48.27           8.712
              14            42.2           12.91
              15           96.26            38.3
              16          -78.04           28.75
              17          -46.08           16.86
              18          -35.88           15.09
              19           57.46           14.66
              20           -75.7           28.34
              21          -33.61           14.36
              22           6.543           8.188
              23           67.25           21.52
              24          -46.71           22.39
              25          -53.61           10.41
              26            13.2           9.287
              27           63.39           29.74
              28          -27.14           17.37
              29           -60.5            8.74
              30           43.62           13.08
              31           101.1           41.27
              32          -60.45           29.98
              33          -47.64           17.18
              34          -25.46           8.482
              35           65.44           17.29
              36           -87.3           27.64
              37          -64.29           13.63
              38           3.944           9.684
              39           57.82           23.95
              40          -45.32           22.79
              41           -48.2           10.34
              42           32.61           11.91
              43           80.68           32.56
              44           -41.2           16.63
              45          -39.36           8.567
              46            44.2           14.75
              47           99.91           45.47
              48          -68.22            27.1
              49          -51.95           14.62
              50          -25.72           11.31
              51           50.73           17.37
              52          -59.78           26.17
              53          -44.24           12.28
              54           6.194           8.276
              55           69.08           25.14
              56          -42.11           19.06
              57          -50.39           8.765
              58           29.87           11.37
              59           79.46           34.73
              60          -16.98           14.41
              61          -40.08            9.11
              62           42.96            15.5
              63           102.3           51.39
              64          -60.91           27.88
              65          -54.53           20.04
              66          -2.427           11.87
              67            57.8            14.1
              68          -71.07           31.42
              69          -49.52           16.18
              70           9.814           10.05
              71           76.37           20.09
              72          -38.95           25.44
              73          -31.62           12.75
              74           18.59           9.682
              75           74.17           26.69
              76          -31.29           20.47
              77          -35.31           9.342
              78           52.64           11.97
              79           103.9           36.33
              80          -71.51           30.22
              81          -35.43           18.59
              82          -14.74           10.83
              83           44.13           13.77
              84          -51.09           30.48
              85          -52.35           15.09
              86           17.19           7.471
              87           58.55           20.17
              88          -54.22           22.79
              89          -46.57           11.03
              90           53.15           8.539
              91           97.73           28.95
              92          -28.47           18.05
              93          -45.05           10.63
              94            39.9           11.75
              95           115.2           39.07
              96          -79.61           29.21
              97          -28.55           17.63
              98          0.4965           10.45
              99            60.3           16.72
             100          -59.85           28.79
             101          -58.83           14.12
             102           3.113           9.393
             103            50.9           22.36
             104          -55.18           22.43
             105           -43.2           10.51
             106           39.99           10.88
             107           72.85           31.24
             108          -33.17           17.47
             109          -20.18           8.539
             110           52.25            14.4
             111           114.1           42.76
             112          -70.18           28.81
             113          -35.87           16.12
             114          -16.82           9.004
             115           31.92           16.01
             116          -62.31           27.22
             117          -56.17           12.52
             118            28.2           7.582
             119           69.96           23.77
             120          -28.44           19.75
             121          -28.66           9.649
             122           35.47            10.3
             123           102.1           33.12
             124          -43.13           15.28
             125          -49.16           11.47
             126           39.97           14.55
             127           141.3              48
APV                2              13               2               0
               0               0               0
               1               0               0
               2               0               0
               3               0               0
               4               0               0
               5               0               0
               6               0               0
               7           8.633            10.5
               8          -58.31            13.1
               9          -24.64           7.481
              10          -4.355           11.18
              11           16.19            10.7
              12           -38.1           12.47
              13           10.69           7.211
              14           30.56           11.11
              15           37.11           14.52
              16          -38.79            12.5
              17          -7.443           9.624
              18          -25.65           14.31
              19           11.14           7.717
              20          -50.28           13.16
              21          -14.96           8.287
              22           1.603           8.397
              23           14.27            8.45
              24          -62.38           11.86
              25             -33           7.683
              26           33.27            8.43
              27            47.1           9.537
              28          -55.05           10.85
              29          -5.363           7.815
              30           11.35           8.491
              31            28.2           10.09
              32          -47.97           14.79
              33          -28.41           9.128
              34           9.833           9.216
              35           11.29            10.4
              36          -68.97           13.84
              37          -2.609           7.669
              38           35.26           10.75
              39           38.61           10.52
              40          -38.86           12.58
              41            6.77           7.894
              42           14.63           10.65
              43           24.54           27.42
              44          -48.99           10.22
              45           24.08           8.256
              46           32.55           10.35
              47           65.34              11
              48           -63.4           12.88
              49         -0.3105           8.977
              50           3.265           10.77
              51           23.46           7.783
              52          -62.16           12.95
              53          -3.833           7.945
              54            8.42           8.219
              55           26.29           8.735
              56          -44.47           11.47
              57           15.47           7.485
              58           29.25            8.57
              59            40.2           9.791
              60          -30.67           9.778
              61          -3.014           8.627
              62         -0.6641           8.449
              63           57.22            11.3
              64          -42.96           13.79
              65          0.6501           10.79
              66           20.82           11.57
              67           20.38           10.67
              68          -41.18           13.17
              69            14.4           7.987
              70           15.51           10.88
              71           16.84           10.44
              72          -63.29           14.95
              73          -3.961           8.071
              74           11.71           10.89
              75           49.06           10.79
              76          -28.73           12.28
              77          -12.13            7.48
              78           22.42            10.9
              79           40.67           11.63
              80          -60.89           13.11
              81          -16.75           9.552
              82          -1.985           9.613
              83           14.52           7.811
              84          -60.09           13.42
              85          -1.887           8.277
              86            23.5           7.832
              87           51.48           8.806
              88          -44.43           11.45
              89           2.846           7.921
              90           29.26           8.249
              91           51.46           10.01
              92          -24.15           10.78
              93            1.64            9.38
              94           35.16           8.583
              95           77.04           11.35
              96          -49.13           14.96
              97          0.8347           8.705
              98           16.78           10.86
              99            32.6           10.97
             100          -64.02           13.71
             101          -13.07           7.841
             102           23.33           10.58
             103           10.17            10.4
             104          -57.55           12.03
             105           6.955           8.062
             106           23.77           10.25
             107           33.74           27.38
             108          -51.33           10.87
             109          -6.618           7.888
             110           38.11            12.1
             111           90.98           13.32
             112          -45.97           14.96
             113          -5.773           8.807
             114           18.79           8.764
             115           20.56            7.91
             116          -68.92           13.05
             117           9.014            7.65
             118           6.034           7.945
             119           44.13           9.005
             120          -46.89           11.05
             121          -18.95           7.597
             122            15.4           8.519
             123           46.88            10.4
             124          -42.26           9.386
             125          -4.896           10.91
             126           21.62           8.786
             127           65.06            13.5
APV                2              13               2               2
               0               0               0
               1               0               0
               2               0               0
               3               0               0
               4               0               0
               5               0               0
               6               0               0
               7           16.01           10.45
               8          -29.64           10.89
               9          -37.48           9.707
              10           4.304           9.589
              11           47.89           12.62
              12          -28.26           10.49
              13            -5.8           9.317
              14           7.503           8.858
              15           53.32           15.41
              16           14.22           13.03
              17          -35.14           9.877
              18          -23.69            15.8
              19          -9.512           7.794
              20          -43.02           11.35
              21           -31.8           9.788
              22           10.15           9.381
              23           38.29           9.426
              24          -32.52            10.5
              25           -25.9           9.645
              26           17.45           7.802
              27           20.87           12.41
              28          -35.59           9.623
              29          -18.87            9.94
              30           24.54           7.359
              31           59.24           15.54
              32           28.23           13.44
              33          -25.79           9.611
              34          -5.248           9.507
              35           3.469           9.634
              36          -41.69           11.31
              37          -23.72             9.6
              38           -20.8           9.289
              39           13.47           11.36
              40          -23.79           9.928
              41          -21.99           9.311
              42           25.27           9.712
              43           37.37           14.18
              44          -31.87           9.776
              45           1.158           9.844
              46           14.64           8.529
              47           79.38           16.86
              48           3.945           12.69
              49          -40.73           9.938
              50          -4.033           12.49
              51           6.322           8.228
              52          -37.98           11.01
              53          -19.88           9.832
              54           3.511           8.446
              55            17.2           10.74
              56          -22.42           10.29
              57          -38.41           9.386
              58           3.623           7.503
              59           13.33           13.92
              60          -13.07           9.644
              61           6.114           10.22
              62            7.89           7.484
              63           78.52           16.18
              64           2.911           14.18
              65          -14.78           8.918
              66          -16.36           12.02
              67           12.91           9.218
              68          -33.83           11.56
              69          -21.73           9.771
              70          -30.38           10.22
              71           20.56           10.21
              72          -36.09            10.5
              73          0.8908           9.577
              74           15.36           9.223
              75           16.65           12.83
              76          -27.19           9.473
              77          -25.01           9.338
              78           7.616           8.653
              79           103.3           16.64
              80           7.836           14.05
              81          -27.15           9.816
              82           1.926           11.25
              83          -2.077           7.357
              84          -29.04           11.57
              85          -11.45           9.985
              86           9.028           8.536
              87           36.76           9.454
              88          -34.89           10.13
              89          -18.27           9.858
              90           2.679           7.617
              91            78.4           12.81
              92          -43.37           9.381
              93          -39.89            11.3
              94           17.83           7.377
              95           91.44           16.55
              96           9.783           12.68
              97           -32.9           9.275
              98          -12.43           11.08
              99           9.116           9.864
             100          -26.08            11.2
             101          -23.44           9.969
             102          -2.694            9.41
             103           25.32           11.21
             104          -18.26            10.3
             105          -12.34            10.1
             106           5.836           8.813
             107           42.85           14.37
             108           -18.7           9.242
             109          -34.08           9.358
             110           28.27           9.221
             111           106.8           17.43
             112          -4.699           13.01
             113          -17.41           9.758
             114          -24.67           10.24
             115            17.2           8.084
             116          -26.44           10.82
             117          -33.42            9.63
             118          0.4356           8.064
             119           12.51           10.81
             120             -37           9.783
             121          -16.45           9.629
             122          -10.59           7.381
             123            45.9           14.25
             124          -17.68           9.487
             125          -16.15           12.68
             126           11.61           7.375
             127           126.5           17.74
APV                2              13               2               4
               0               0               0
               1               0               0
               2               0               0
               3               0               0
               4               0               0
               5               0               0
               6               0               0
               7           27.02           8.833
               8          -33.29           10.24
               9           -1.94           6.992
              10           2.422           7.619
              11           44.43           9.479
              12          -50.96           9.884
              13          -1.162           6.727
              14           37.65           7.523
              15           38.48           11.07
              16          -63.13           9.561
              17          -38.25           7.842
              18           2.609           12.91
              19           13.76           7.335
              20          -30.14           10.03
              21          -23.14           7.193
              22           2.453           7.667
              23            26.5           7.842
              24          -55.32           9.305
              25           -22.1           6.959
              26           25.05            6.84
              27           36.67           9.249
              28          -39.01           8.468
              29          -9.097           7.601
              30           22.88           6.758
              31           54.82            11.8
              32          -41.56           10.17
              33          -26.34           8.179
              34           23.43           7.427
              35           35.42            8.08
              36          -50.76           10.37
              37           -14.8           7.104
              38           10.68           7.594
              39           39.09           9.007
              40           -49.2           9.971
              41          -10.45            6.78
              42           18.85           7.771
              43           38.41           10.06
              44          -42.05           9.029
              45           10.27           7.586
              46           27.39           7.372
              47           47.99           13.48
              48          -48.54           10.04
              49          -24.07           7.527
              50           5.363           10.19
              51           17.97           7.474
              52          -42.47            9.96
              53          -13.49           6.843
              54           28.69           7.262
              55           32.29           8.421
              56          -57.25           8.816
              57          -16.85           7.055
              58           29.49           6.873
              59           31.47           10.22
              60           -29.2           7.853
              61           -2.56           8.247
              62           29.35           6.955
              63           56.12           14.45
              64          -42.29           10.05
              65          -38.14           8.554
              66           21.86           8.931
              67           33.67           8.154
              68          -37.19           10.19
              69          -8.295           7.284
              70           10.59           8.768
              71           37.36             8.6
              72          -41.85           10.21
              73           -9.58           6.714
              74           50.95           7.481
              75            35.9           9.445
              76          -39.09           9.122
              77           8.809           6.728
              78           14.82           6.993
              79            40.6           11.61
              80          -38.72           10.04
              81          -29.11           7.887
              82           15.79           9.046
              83           22.28           7.123
              84          -50.35           9.997
              85          -3.599           7.272
              86            18.3           7.832
              87           39.17           7.978
              88          -63.85           9.076
              89          -10.27           7.294
              90           27.33            6.82
              91           32.37           9.398
              92          -40.03           8.207
              93          0.7373           8.861
              94           10.39           6.689
              95           68.71           12.08
              96          -42.89           9.975
              97          -30.43           7.865
              98           3.733           8.352
              99          -1.943            8.68
             100          -56.06           10.27
             101           6.457           7.075
             102           26.92           7.548
             103           40.83           8.821
             104          -29.32           9.811
             105           -18.5           7.295
             106           18.26           7.314
             107           43.12           10.17
             108          -35.55           8.675
             109          -17.25           7.238
             110           26.63           7.789
             111           59.85            13.3
             112          -37.21           9.934
             113          -37.09           7.353
             114           1.242           8.244
             115           19.65           7.419
             116          -53.22           9.746
             117          -9.262           6.741
             118            23.6           6.899
             119           23.22           8.377
             120          -36.84           8.649
             121          -3.723           7.253
             122           29.61           6.728
             123           32.11           10.23
             124          -40.23           7.744
             125          -17.95           10.07
             126           30.31           6.921
             127           64.64           14.63
APV                2              13               2               6
               0               0               0
               1               0               0
               2               0               0
               3               0               0
               4               0               0
               5               0               0
               6               0               0
               7           32.79           23.58
               8          -53.19           24.86
               9          -38.01           9.386
              10           4.297           19.39
              11           42.82            23.8
              12           -58.1           17.07
              13          -14.55           10.96
              14           31.05           20.41
              15           68.46           25.35
              16          -18.59           30.55
              17          -38.02           11.78
              18           -29.1           11.86
              19           17.55           19.22
              20          -59.08           27.58
              21          -51.42            8.42
              22          -26.19           14.01
              23           37.46           22.65
              24           -42.5           21.96
              25          -31.04           8.922
              26           11.62           17.63
              27           53.95           24.01
              28          -67.95           14.86
              29          -14.27           10.74
              30          -3.368           19.81
              31           87.86            25.6
              32          -23.01           31.85
              33          -52.76           11.39
              34           16.27           15.24
              35           51.34            21.9
              36          -66.33           27.59
              37          -32.28           8.375
              38           -4.91            17.5
              39           36.81           23.33
              40          -74.65           19.46
              41          -9.603           9.716
              42              18           19.97
              43           62.52           24.72
              44          -38.83              13
              45            22.1           13.18
              46           39.75           21.19
              47           78.63           25.46
              48          -54.12           30.44
              49           -30.7           10.23
              50           7.675           12.71
              51           14.46           20.81
              52          -50.77           26.01
              53          -27.29           8.347
              54           -3.88           15.99
              55           67.56            23.1
              56          -41.01           18.26
              57          -4.755           10.05
              58          -3.269           18.72
              59           65.33            24.5
              60           -58.1           12.05
              61          -23.07           11.83
              62           31.02           20.74
              63           91.81           24.76
              64          -44.58            28.3
              65          -43.34           13.23
              66          -14.67           12.03
              67           31.09           14.08
              68          -48.91           29.98
              69          -25.24           9.212
              70            -6.7            12.2
              71           36.38           13.69
              72          -58.74           25.07
              73          -12.27           8.517
              74           14.45           12.79
              75           73.22           14.05
              76          -47.45           17.44
              77          -9.319           13.71
              78           32.25           13.94
              79           81.15           14.69
              80          -43.76           31.38
              81          -4.757           13.22
              82           4.802           14.26
              83           54.32           14.36
              84          -48.79           29.58
              85          -14.54            8.75
              86           -11.1           13.68
              87            56.5           14.46
              88          -67.77           22.56
              89          -14.85           7.995
              90           20.48           13.97
              91           69.79           14.38
              92          -55.49           15.81
              93           3.762           14.99
              94           48.78              15
              95           109.6           14.81
              96          -56.54           31.52
              97          -40.58           11.57
              98          -4.598           11.47
              99           43.83           13.28
             100          -61.98           28.68
             101           -19.7           8.426
             102           21.61            12.5
             103           54.25           13.95
             104           -70.7           21.29
             105          -6.031           9.906
             106           30.26           12.93
             107           67.86           14.17
             108          -54.34              14
             109         -0.2181           13.54
             110           44.02           13.69
             111           87.48           14.57
             112          -47.25           31.22
             113          -29.85           10.72
             114           13.87           13.73
             115           35.85           14.29
             116          -72.24           26.86
             117           -24.3           7.855
             118          -10.05           13.29
             119           53.07           14.39
             120          -47.11           18.77
             121          -24.36            13.8
             122           26.21           14.72
             123           90.35           14.83
             124          -53.16            12.8
             125           1.876           14.78
             126           35.15           14.57
             127           106.6           14.53
APV                2              13               2               8
               0               0               0
               1               0               0
               2               0               0
               3               0               0
               4               0               0
               5               0               0
               6               0               0
               7           25.62           7.677
               8          -42.46           8.652
               9           5.017           7.426
              10           1.224            9.25
              11           18.13           8.506
              12          -42.68           8.303
              13          -15.99           7.039
              14           33.75           8.539
              15           46.06           11.05
              16          -13.86           10.37
              17          -19.81           7.227
              18          -10.51           8.128
              19           19.96           7.632
              20          -38.68           8.929
              21           -10.4           6.911
              22           17.61           7.698
              23           22.11           7.698
              24          -48.54           7.893
              25          -23.97           6.889
              26           11.61           8.316
              27           41.93           8.853
              28          -51.59           7.341
              29          -10.97           6.801
              30           8.457           7.898
              31           64.26            11.9
              32          -21.33           10.62
              33          -23.01           7.816
              34           1.787            8.11
              35           9.541           7.846
              36          -47.03             9.1
              37          -22.24           7.238
              38            11.8           9.228
              39           51.79           8.212
              40           -52.5           8.774
              41          -20.15           8.207
              42           -6.54           9.058
              43           38.88           10.07
              44          -38.32           7.852
              45           5.055           8.064
              46            5.98           7.887
              47           49.94           12.68
              48          -30.49            9.61
              49          -28.73           6.988
              50            6.71           7.654
              51           31.79            7.93
              52          -42.77           8.172
              53          -28.41           6.857
              54          -12.87           8.183
              55           23.72             8.4
              56          -48.41           7.399
              57          -9.925           6.825
              58           0.336           8.264
              59           69.26           9.491
              60             -24           7.075
              61          -39.51            6.82
              62           33.31           7.721
              63           52.43           13.18
              64          -29.54           11.76
              65          -9.532            8.83
              66          -13.02           9.104
              67          -1.995           7.939
              68          -40.52           9.849
              69          -26.31           7.535
              70           -1.76           9.147
              71           27.99           7.716
              72          -29.06           8.839
              73          -8.515           7.878
              74          -5.757           8.877
              75           27.81           8.966
              76           -27.6           8.215
              77           14.15           7.025
              78           13.74           8.309
              79           71.04           11.13
              80          -41.56           10.75
              81             -11           7.563
              82         -0.4167           6.928
              83           26.06           7.896
              84          -50.94            9.32
              85          -24.55           6.953
              86           11.14           7.998
              87           25.38           7.827
              88          -19.45           7.907
              89          -16.15           6.456
              90            9.08           8.289
              91            67.7           9.104
              92          -36.96           7.473
              93          -32.14           6.617
              94           14.75           7.941
              95           96.09           11.91
              96          -41.88           10.75
              97          -7.934           7.682
              98          -9.352           8.632
              99           22.74           8.089
             100          -45.36           9.277
             101          -16.16           7.464
             102           17.68           9.022
             103           24.55           8.176
             104          -37.46           8.423
             105           -23.2           8.008
             106           18.87           8.707
             107           50.27           10.02
             108          -27.75            7.93
             109          -14.02           7.581
             110           24.07           8.177
             111           94.13           12.99
             112           -35.3           10.05
             113          -3.178            6.99
             114           8.354           7.282
             115           20.56           7.807
             116          -38.97           8.426
             117          -6.072           6.577
             118            6.95           8.161
             119           31.82           8.339
             120          -43.62            7.44
             121          -18.47           6.549
             122          0.7788           8.154
             123           47.99            9.56
             124          -15.17           7.151
             125          -12.52           7.029
             126           44.15           7.814
             127           122.7           13.73
APV                2              13               2               1
               0               0               0
               1               0               0
               2               0               0
               3               0               0
               4               0               0
               5               0               0
               6               0               0
               7           42.95           9.398
               8          -35.17           10.49
               9          -31.99           7.184
              10           1.059           9.038
              11           48.71           9.576
              12          -27.34           9.961
              13           -10.2            6.58
              14            6.52           9.153
              15           60.74           9.854
              16          -41.04           10.82
              17          -34.21           8.491
              18          -5.349           9.677
              19          -1.578           7.813
              20          -42.63           10.93
              21          -21.23           7.786
              22           6.695           7.463
              23            31.3           8.191
              24          -32.79           9.845
              25          -28.78           7.378
              26          -3.422           7.829
              27            53.6           8.983
              28          -13.62           8.971
              29          -32.21           6.929
              30           24.53           8.129
              31           82.81           9.516
              32          -34.19           12.04
              33          -31.14           8.452
              34           6.488           7.883
              35           12.24           8.965
              36          -44.79           11.11
              37          -8.372            7.29
              38           7.273           8.737
              39           30.82           9.451
              40          -39.36           10.16
              41          -17.94           6.868
              42            16.1           9.654
              43           42.21           9.798
              44          -33.05           9.018
              45          -26.81           7.524
              46           42.11           9.076
              47           78.78            10.3
              48          -37.42           11.12
              49          -39.71           8.242
              50          -3.859           8.231
              51          -8.865           7.844
              52          -40.64           10.64
              53          -34.27           7.458
              54           7.553           7.533
              55           48.03           8.351
              56          -36.14           9.378
              57          -23.52           6.955
              58          -4.738           7.918
              59           48.07           9.098
              60          -38.27           8.183
              61          -11.15           7.095
              62           11.68           8.017
              63           69.33           10.66
              64          -61.25           12.12
              65          -35.18           8.411
              66          -4.371           8.904
              67           13.95           8.951
              68          -16.98           11.83
              69          -20.68           7.491
              70           8.499           8.772
              71            28.7           9.088
              72          -36.38           10.26
              73          -7.315           6.929
              74           9.561           8.874
              75           51.41           9.564
              76          -18.21           9.426
              77          -14.29           6.668
              78           29.91           9.004
              79           100.8           10.57
              80          -50.42           11.89
              81          -26.36           8.659
              82          -9.163            7.48
              83           25.49           7.713
              84           -28.5           11.38
              85          -8.457           7.848
              86          -7.987           7.109
              87           39.76           8.207
              88          -25.18           9.713
              89           -16.6           7.225
              90           13.57           7.758
              91            60.3           9.055
              92          -36.11           8.675
              93          -18.73           7.265
              94            25.6           8.238
              95           99.66           10.23
              96           -37.6           11.62
              97          -41.96           8.124
              98           2.617           8.619
              99           2.224           9.484
             100          -45.82           11.18
             101          -26.76           7.202
             102          -1.528           8.552
             103           43.18           9.147
             104           -35.8           9.948
             105          -28.11           7.643
             106          -5.973           9.061
             107           69.28           10.01
             108          -16.32           8.732
             109          -19.22           7.022
             110            9.92           9.344
             111           117.4           10.93
             112          -40.55           11.63
             113           -32.2           8.084
             114          -9.779           7.337
             115           4.086           7.797
             116          -47.66           10.49
             117          -9.842           7.414
             118         -0.7187            7.35
             119           29.16            8.24
             120          -24.53           9.305
             121          -24.48           6.887
             122           18.82           7.926
             123           61.36            9.42
             124          -12.49           8.355
             125          -12.86           7.676
             126           14.17           7.979
             127             133            11.5
APV                2              13               2               3
               0               0               0
               1               0               0
               2               0               0
               3               0               0
               4               0               0
               5               0               0
               6               0               0
               7           13.16           8.476
               8          -27.07           8.303
               9          -40.65           7.223
              10          -12.23           7.717
              11           27.11           9.139
              12          -27.33           8.482
              13          -16.85           7.005
              14            26.4           7.597
              15           59.08           9.704
              16          -29.69           8.316
              17          -35.88           7.655
              18          -36.07           10.92
              19            37.1           7.336
              20          -51.22           7.985
              21          -25.08            7.54
              22          -12.76           7.279
              23           37.57           7.574
              24          -17.21           8.045
              25          -34.62           7.324
              26         0.08133           6.709
              27           78.92           8.531
              28           -39.3           7.431
              29          -21.87           7.514
              30          -14.26           6.712
              31            72.6           9.356
              32          -22.52           8.621
              33          -23.01           7.783
              34          -11.91           7.295
              35           8.032           8.209
              36          -46.13           8.053
              37          -26.79           7.361
              38          -11.29           7.782
              39           45.19           8.738
              40           -7.97           8.126
              41           12.11           7.432
              42          0.8949           7.844
              43           74.59           9.599
              44          -47.72           7.943
              45           1.805           7.556
              46           29.51           7.464
              47           76.46           10.48
              48          -46.16           8.348
              49          -43.47           7.585
              50          -1.768           9.149
              51           30.55           7.379
              52           -4.22           8.034
              53          -38.44           7.309
              54          -23.26           6.858
              55           44.12            7.73
              56          -54.06           7.826
              57           -16.8           7.271
              58           4.179           6.811
              59           53.08           8.633
              60          -45.23           7.368
              61          -34.19            7.77
              62         -0.4843           6.857
              63             107           10.61
              64          -29.05           8.666
              65          -12.63           7.652
              66          -10.01           8.937
              67           20.09           8.171
              68          -36.13           8.101
              69          -3.692           7.242
              70          -5.515           8.016
              71           27.02           8.527
              72          -31.86            8.19
              73           -7.22            7.19
              74          0.7989           7.486
              75              63           9.268
              76          -14.39           7.747
              77          -29.39           6.992
              78           14.28           7.308
              79           91.96           10.19
              80          -53.92           8.177
              81          -19.51           7.563
              82          -20.96           8.103
              83           32.19           7.222
              84          -21.73           8.115
              85           -29.9           7.364
              86          -8.466           6.785
              87           37.39            7.72
              88          -17.32           7.687
              89          -24.62           7.372
              90          -5.356           6.546
              91           79.14           8.773
              92           -39.6           7.363
              93          -28.88           8.376
              94           26.46            6.68
              95           89.47           9.922
              96          -30.76           8.309
              97          -16.71           7.409
              98          -10.53           8.548
              99           46.66           8.747
             100          -56.84           7.981
             101          -43.19           7.173
             102          -28.05           7.465
             103           49.76             8.7
             104          -37.45           8.268
             105          -22.27           7.538
             106           12.51           7.424
             107           65.69           9.468
             108           -31.9            7.51
             109          -24.46           7.295
             110           19.51           7.901
             111            93.8           10.89
             112          -42.28           8.044
             113          -11.35           7.488
             114          -7.787           7.509
             115            37.7           7.437
             116          -44.93           7.859
             117          -21.07           7.203
             118          -18.85           6.636
             119           37.46            7.91
             120           -23.3           7.608
             121          -13.37           7.356
             122           17.27           6.622
             123           56.34           9.168
             124          -32.41            7.16
             125           1.627           9.359
             126           32.78           6.864
             127           122.6           11.01
APV                2              13               2               5
               0               0               0
               1               0               0
               2               0               0
               3               0               0
               4               0               0
               5               0               0
               6               0               0
               7           32.24              11
               8          -64.87           8.949
               9          -27.54           9.132
              10          -6.151           11.07
              11           49.97            15.1
              12          -28.57           8.771
              13          -17.58            9.58
              14          0.9208           9.738
              15           84.46            19.5
              16          -29.26           9.365
              17          -45.23           7.741
              18          0.9677           13.27
              19           13.53           8.206
              20          -34.97           8.916
              21          -34.98           8.268
              22          -11.79           10.46
              23           40.97           11.34
              24          -36.43           8.745
              25          -17.76            8.73
              26           9.182           9.546
              27           63.47           16.68
              28             -40           7.886
              29          -2.557           9.362
              30           14.84           7.847
              31           79.35           20.53
              32          -33.89           9.186
              33          -48.71           8.163
              34           3.064           10.74
              35           20.34            9.46
              36          -53.96           8.985
              37          -13.16           8.832
              38         -0.3964           11.52
              39           52.26           12.54
              40          -25.42           8.626
              41          -39.08           9.637
              42          0.2198           10.93
              43           64.91           18.07
              44          -20.16           8.243
              45          -19.98           9.965
              46           8.285           8.511
              47           72.29           21.02
              48          -29.63           9.747
              49          -33.97           7.808
              50           9.405           11.58
              51           31.41           9.394
              52          -48.61            9.03
              53          -27.69            8.39
              54           -8.13           10.04
              55           29.57           13.61
              56          -43.86            8.35
              57          -22.06            8.88
              58          -30.66           8.469
              59           74.43           19.37
              60          -22.67           7.651
              61          -22.88           9.812
              62           20.87           7.535
              63           81.45           19.65
              64          -41.17           8.622
              65           -25.9           7.991
              66           6.161           12.09
              67           34.25           9.534
              68          -39.98           8.596
              69          -26.52            8.54
              70           5.451           12.15
              71           44.65           10.51
              72          -39.08           8.806
              73           -21.1           9.084
              74          0.8502           11.33
              75           46.28           15.01
              76          -44.38           7.904
              77          -22.46           9.292
              78            15.3           9.693
              79            99.9           21.62
              80          -33.41           8.865
              81           -28.1           7.763
              82           20.07           10.65
              83           23.99           8.245
              84          -31.13            8.74
              85          -31.91           8.194
              86           5.368           10.37
              87           38.52           11.08
              88          -46.44           8.557
              89          -32.79           8.587
              90           11.05           9.788
              91           68.18           16.62
              92          -27.15           7.614
              93          -8.223           10.06
              94           45.88           8.458
              95           76.85           21.28
              96          -37.15           8.968
              97          -24.06           7.772
              98         -0.3759            11.7
              99           27.58           10.14
             100          -46.48           8.701
             101          -35.67           8.667
             102          -16.99           11.68
             103           43.57           12.35
             104          -37.15           8.827
             105          -5.561           9.482
             106           11.31           10.44
             107           57.16            18.2
             108          -30.33           7.751
             109          -8.177           9.693
             110           39.29           9.138
             111           83.51            21.9
             112          -29.14           9.081
             113          -45.07           7.688
             114          -10.02           10.49
             115            23.9           9.043
             116          -41.16           8.659
             117          -36.04           8.254
             118           5.007           10.11
             119            44.7           13.34
             120          -57.82           8.009
             121          -18.32            8.99
             122           4.336           8.915
             123           72.34           19.23
             124          -20.76            7.39
             125          -20.08              11
             126           28.92           7.736
             127           119.6           21.62
APV                2              13               2               7
               0               0               0
               1               0               0
               2               0               0
               3               0               0
               4               0               0
               5               0               0
               6               0               0
               7           3.371           15.18
               8          -35.22           15.81
               9          -11.09           9.555
              10           1.272           8.357
              11           24.87           16.21
              12          -28.94           13.95
              13           3.594           8.362
              14           30.15           9.524
              15           39.18           17.06
              16          -33.48           17.57
              17          -48.94           10.24
              18          -30.18           12.42
              19           45.15           12.76
              20          -58.23           16.54
              21          -44.97           9.819
              22            -1.9           7.251
              23           41.26           15.03
              24          -38.59           13.71
              25          -15.46           9.067
              26           12.63           7.768
              27           60.74           17.15
              28           -24.7            12.2
              29          -4.407           8.421
              30           12.06           10.45
              31           49.24           17.34
              32          -41.66            19.9
              33          -32.76           10.49
              34          -20.71           8.167
              35          -6.354           12.97
              36          -73.02           17.91
              37          -24.74           9.659
              38            16.3           8.456
              39           40.18           15.54
              40          -23.62           13.73
              41           2.696           9.231
              42            17.5           9.122
              43           46.38           17.15
              44          -33.31           11.75
              45           4.804           8.483
              46           16.17           10.75
              47           46.99           17.16
              48          -42.77           18.05
              49          -22.34           10.15
              50          -7.346           9.871
              51           12.57           13.88
              52          -59.76           16.48
              53           -20.2           9.797
              54          0.2262             7.3
              55           27.34           16.05
              56          -54.47           12.46
              57           2.935           8.309
              58           18.35           9.066
              59           17.26           17.24
              60          -17.33           10.84
              61          -23.08           8.292
              62           19.92           11.73
              63           72.94           16.85
              64          -31.12           18.34
              65          -8.101           11.36
              66           12.09           11.37
              67           41.96           11.72
              68          -27.48           19.32
              69          -13.17           9.901
              70           3.497           9.254
              71           29.26           14.39
              72          -30.77           15.74
              73          -0.465           9.681
              74           13.78           8.156
              75           53.55           16.72
              76          -24.17           12.65
              77          -17.44           8.292
              78            8.38           9.136
              79           74.74           18.16
              80          -37.92            19.6
              81          -27.51           10.59
              82          -12.45           8.598
              83           34.58           12.28
              84          -32.71           18.95
              85          -23.61           9.925
              86            19.8           6.774
              87           29.25              15
              88          -21.85           13.62
              89          -18.07           8.624
              90           11.25           7.461
              91           42.28           17.16
              92          -30.24           11.61
              93          -13.54           9.314
              94           12.81           9.878
              95           59.57           17.89
              96          -55.34           18.98
              97           -31.8           9.874
              98          -4.481           9.715
              99           20.19           13.25
             100          -46.55           18.45
             101          -37.41           9.245
             102           -1.33           8.096
             103            32.1           15.45
             104          -30.09            13.6
             105          -17.47            9.32
             106           18.89           8.619
             107           64.76           17.52
             108          -8.889           11.55
             109           13.39           8.578
             110           25.56           10.71
             111           72.31           17.59
             112          -58.67           19.09
             113          -13.97           9.977
             114         -0.8371           7.719
             115           35.69            13.7
             116          -29.07           16.75
             117          -17.82            9.29
             118          -10.22           6.749
             119           52.89           15.97
             120          -28.88           12.07
             121          -6.841           8.454
             122           24.65           8.519
             123           49.17           17.48
             124          -33.03           10.85
             125           1.733            10.5
             126           20.57           11.42
             127           117.8           17.62
APV                2              13               2               9
               0               0               0
               1               0               0
               2               0               0
               3               0               0
               4               0               0
               5               0               0
               6               0               0
               7           3.453           16.83
               8          -33.83           9.915
               9          -24.27           11.28
              10          -12.46           14.11
              11           12.52            23.7
              12          -24.97           9.308
              13          -24.22           11.01
              14           11.47            12.7
              15           23.76           35.41
              16           -13.3           12.27
              17          -47.97           10.33
              18          -8.471            20.1
              19           12.49           13.04
              20           -21.6           12.18
              21           -41.3           11.16
              22           2.739           13.34
              23           43.55            18.5
              24          -22.81           9.469
              25          -32.08           11.29
              26         -0.1521           11.43
              27           24.14           26.38
              28           -23.8           8.279
              29          -20.99           11.76
              30          -5.201           10.95
              31           43.46           38.56
              32          -11.05           11.34
              33          -31.08           10.22
              34           12.42           14.09
              35           26.79           14.74
              36          -26.61           11.27
              37          -28.49              11
              38            8.61           15.02
              39           24.25           19.57
              40          -26.02           9.107
              41           7.778           11.16
              42           18.12            13.9
              43            52.8           30.03
              44          -11.27            9.39
              45           2.041            11.7
              46           3.094           11.23
              47           44.74           40.73
              48          -4.593           12.07
              49          -20.85           10.57
              50           6.029           16.16
              51           23.25            15.5
              52          -16.49           10.85
              53          -41.99           10.99
              54          -4.064           12.37
              55            46.5           22.82
              56          -31.76           8.802
              57          -25.87           11.69
              58           2.356            11.1
              59           23.33           32.28
              60          -27.62           7.698
              61          -20.77           12.56
              62           9.092           11.87
              63            57.3           45.55
              64          -15.67           12.29
              65          -26.17           9.856
              66           9.236           18.66
              67            45.5           15.57
              68          -18.39           12.34
              69          -29.71           11.24
              70           1.472            16.6
              71           30.46           16.54
              72          -23.65           10.32
              73          -20.04           11.15
              74           20.05           14.38
              75            17.9           24.69
              76          -12.52           8.765
              77          -6.208           11.48
              78           12.25           12.26
              79           67.19            39.7
              80          -27.82           11.26
              81          -33.65           9.987
              82           15.58           14.94
              83           37.21            12.8
              84          -11.56           12.34
              85          -19.14           11.22
              86           2.979           13.08
              87           42.68           18.32
              88          -7.684           9.792
              89           -14.9            12.3
              90           19.11           11.74
              91           31.97            27.5
              92          -42.35           7.896
              93          -19.44            13.4
              94          -10.76           10.66
              95           53.28           41.59
              96          -22.93           11.29
              97          -13.06           10.48
              98         -0.9703           16.57
              99           37.13            15.3
             100          -21.61           11.57
             101          -35.02           11.58
             102           11.75           15.15
             103           34.33           19.63
             104          -24.22           10.21
             105          -17.45           12.07
             106            5.27            12.9
             107           42.32           30.45
             108           -36.9           8.178
             109            10.1           11.17
             110           15.59           13.34
             111           76.45           43.06
             112          -18.18           11.03
             113          -22.34           10.44
             114           20.84              14
             115           41.59           15.01
             116          -13.14           11.02
             117          -27.31           11.29
             118          -19.99           12.41
             119           8.575           21.74
             120          -44.67           8.973
             121          -13.58           12.01
             122          0.5673           10.87
             123           38.17           33.07
             124          -25.65           7.743
             125          -4.875           15.44
             126           11.63           11.75
             127            80.3           44.73
